versuchsreihe;alpha;beta;evaporation;group_size;median_value;median_iteration;std_value;min_value;max_value
1;1.000;1.000;0.100;50;1004694.500;24.500;260.854;1004295;1005221
1;2.000;1.000;0.100;80;1004528.500;9.000;465.616;1003932;1005290
1;1.000;1.000;0.500;80;1004640.000;28.500;181.306;1004379;1005030
1;1.000;1.000;0.300;50;1004689.500;43.000;280.914;1004282;1005021
1;1.000;1.000;0.500;50;1004674.000;44.500;215.725;1004317;1005050
1;1.000;1.000;0.300;20;1004589.500;34.500;243.973;1004065;1004802
1;1.000;1.000;0.300;80;1004604.500;38.000;70.139;1004478;1004714
1;2.000;2.000;0.500;80;1004555.000;31.500;227.758;1004223;1005005
1;1.000;1.000;0.100;80;1004677.500;49.000;269.986;1004466;1005319
1;1.000;1.000;0.500;20;1004692.000;56.500;238.615;1004518;1005313
1;2.000;1.000;0.100;50;1004403.500;16.000;312.821;1003768;1004677
1;2.000;1.000;0.300;50;1004230.000;4.500;489.436;1003876;1005607
1;2.000;1.000;0.100;20;1004314.500;22.000;426.853;1003737;1004951
1;2.000;2.000;0.100;20;1004284.500;23.500;163.656;1004060;1004594
1;2.000;1.000;0.500;80;1004146.500;6.500;323.629;1003843;1004827
1;2.000;1.000;0.500;50;1004280.000;27.000;627.592;1003603;1005395
1;2.000;1.000;0.300;80;1004111.000;3.500;312.712;1003836;1004841
1;2.000;2.000;0.500;50;1004558.000;67.000;314.232;1004280;1005322
1;2.000;2.000;0.100;80;1004451.500;54.000;160.034;1004335;1004767
1;1.000;1.000;0.100;20;1004450.000;54.500;195.235;1004071;1004702
1;2.000;1.000;0.500;20;1004262.000;30.000;395.814;1003682;1004957
1;2.000;2.000;0.500;20;1004391.000;51.000;194.504;1004054;1004604
1;4.000;4.000;0.500;50;1004165.000;21.500;284.591;1003616;1004503
1;2.000;2.000;0.300;80;1004585.500;84.000;149.980;1004350;1004918
1;2.000;1.000;0.300;20;1004022.500;12.000;282.802;1003370;1004410
1;2.000;2.000;0.300;50;1004390.000;67.000;170.687;1004271;1004718
1;4.000;2.000;0.100;20;1003931.000;7.000;442.551;1003425;1004869
1;2.000;2.000;0.300;20;1004442.000;81.500;281.705;1003972;1005032
1;4.000;2.000;0.100;50;1003876.500;2.500;232.213;1003490;1004385
1;4.000;4.000;0.500;80;1004012.500;28.000;253.316;1003699;1004500
1;4.000;2.000;0.100;80;1003827.000;2.500;323.193;1003535;1004464
1;4.000;2.000;0.300;80;1003823.500;2.500;271.560;1003522;1004361
1;1.000;2.000;0.100;80;1003985.500;27.500;104.317;1003897;1004213
1;4.000;2.000;0.500;50;1003787.500;2.500;261.069;1003339;1004214
1;4.000;2.000;0.300;20;1003833.500;10.500;501.867;1002941;1004895
1;4.000;1.000;0.100;20;1003771.500;2.500;683.709;1002441;1004628
1;1.000;2.000;0.500;80;1004145.500;55.500;120.215;1003924;1004304
1;1.000;2.000;0.100;50;1004030.500;39.500;141.908;1003833;1004207
1;4.000;4.000;0.500;20;1004101.500;50.000;434.902;1003392;1004969
1;2.000;2.000;0.100;50;1004374.500;91.000;137.290;1004240;1004737
1;1.000;2.000;0.300;50;1003914.500;26.000;66.106;1003866;1004080
1;4.000;2.000;0.500;80;1003744.500;2.500;310.717;1003463;1004518
1;4.000;4.000;0.300;20;1004057.500;48.000;163.552;1003799;1004180
1;2.000;4.000;0.300;50;1003836.000;18.000;143.919;1003561;1003877
1;2.000;4.000;0.500;50;1003857.000;21.000;126.102;1003561;1003928
1;4.000;4.000;0.300;80;1003921.500;32.500;172.546;1003857;1004371
1;2.000;4.000;0.100;80;1003866.500;26.500;37.948;1003797;1003955
1;4.000;4.000;0.300;50;1003914.000;34.500;238.436;1003857;1004637
1;4.000;4.000;0.100;50;1003951.000;40.000;163.666;1003788;1004318
1;4.000;2.000;0.500;20;1003733.000;11.500;420.221;1003339;1004496
1;4.000;1.000;0.100;80;1003665.000;3.000;275.539;1003184;1004128
1;4.000;4.000;0.100;80;1003969.000;48.000;114.067;1003855;1004180
1;1.000;2.000;0.300;80;1003994.500;52.000;110.420;1003891;1004233
1;1.000;2.000;0.500;50;1003952.500;46.500;167.338;1003820;1004373
1;1.000;4.000;0.500;80;1003660.000;8.000;74.711;1003660;1003877
1;1.000;2.000;0.500;20;1003938.000;48.000;133.019;1003682;1004137
1;4.000;2.000;0.300;50;1003610.000;5.000;290.954;1003489;1004375
1;1.000;4.000;0.300;80;1003660.000;14.000;81.732;1003660;1003866
1;4.000;1.000;0.500;80;1003580.500;3.000;286.087;1002969;1003875
1;2.000;4.000;0.500;80;1003878.000;45.500;59.842;1003700;1003902
1;1.000;4.000;0.300;20;1003660.000;15.500;99.898;1003483;1003857
1;1.000;4.000;0.100;20;1003660.000;16.000;79.668;1003561;1003878
1;1.000;2.000;0.300;20;1003912.000;54.000;95.092;1003812;1004053
1;4.000;4.000;0.100;20;1003857.000;48.500;166.207;1003490;1004098
1;1.000;2.000;0.100;20;1003830.500;46.000;114.178;1003661;1003992
1;2.000;4.000;0.100;20;1003850.000;50.500;127.106;1003561;1003878
1;1.000;4.000;0.500;50;1003660.000;24.500;80.008;1003603;1003877
1;2.000;4.000;0.300;80;1003877.500;55.500;40.040;1003843;1003981
1;4.000;1.000;0.300;80;1003504.500;3.000;245.057;1002959;1003746
1;1.000;4.000;0.100;80;1003674.000;31.000;81.974;1003660;1003866
1;1.000;4.000;0.300;50;1003660.000;29.500;85.646;1003660;1003878
1;2.000;4.000;0.500;20;1003607.000;26.000;130.154;1003561;1003878
1;1.000;4.000;0.500;20;1003660.000;35.500;64.499;1003603;1003843
1;2.000;4.000;0.100;50;1003861.500;64.500;148.495;1003561;1003877
1;4.000;1.000;0.100;50;1003424.500;3.000;280.392;1002887;1003857
1;1.000;4.000;0.100;50;1003674.000;38.500;83.964;1003660;1003877
1;2.000;4.000;0.300;20;1003615.000;31.000;123.574;1003561;1003878
1;4.000;1.000;0.500;20;1003378.500;3.500;607.018;1001885;1004067
1;4.000;1.000;0.300;50;1003368.500;3.000;421.742;1002932;1004299
1;4.000;1.000;0.500;50;1003279.000;2.000;433.260;1002673;1003940
1;4.000;1.000;0.300;20;1003226.500;4.000;369.753;1002782;1003768
2;1.500;1.000;0.400;50;1004985.000;17.000;270.967;1004538;1005252
2;1.500;1.000;0.250;80;1005005.500;34.000;246.396;1004666;1005552
2;1.500;1.000;0.400;80;1005034.000;60.500;223.914;1004676;1005338
2;1.500;1.000;0.250;20;1004893.000;35.000;251.350;1004441;1005261
2;1.500;1.000;0.100;80;1004987.500;53.000;173.271;1004850;1005392
2;2.000;1.500;0.400;20;1004962.000;52.000;522.987;1004363;1005783
2;1.500;1.000;0.250;50;1004915.500;46.000;233.763;1004526;1005206
2;2.000;1.500;0.250;50;1004797.500;30.500;260.678;1004301;1005040
2;2.000;1.500;0.400;50;1004768.000;28.500;318.903;1004170;1005322
2;1.500;1.000;0.100;50;1004912.000;56.500;191.393;1004500;1005116
2;2.000;1.500;0.100;80;1004879.500;62.500;461.682;1004243;1005816
2;2.000;1.500;0.100;50;1004780.500;52.500;425.352;1004130;1005239
2;1.000;1.000;0.400;80;1004690.000;38.500;202.605;1004502;1005189
2;2.000;1.500;0.250;80;1004641.500;33.000;217.172;1004206;1004977
2;1.500;1.500;0.400;80;1004750.000;54.500;256.140;1004324;1005334
2;1.000;1.000;0.100;80;1004618.500;32.000;190.615;1004358;1004988
2;1.500;1.000;0.100;20;1004787.000;65.500;204.658;1004436;1004971
2;2.000;1.500;0.400;80;1004606.500;36.500;331.956;1004250;1005287
2;1.000;1.000;0.250;80;1004685.500;53.000;188.726;1004524;1005088
2;1.000;1.000;0.250;20;1004584.500;35.000;199.674;1004330;1004835
2;2.000;1.500;0.250;20;1004633.500;45.000;305.101;1004187;1005128
2;1.500;1.000;0.400;20;1004625.500;43.500;552.092;1004265;1005876
2;1.000;1.000;0.100;50;1004559.500;32.000;187.608;1004225;1004862
2;2.000;2.000;0.400;80;1004549.000;34.500;263.130;1004287;1005136
2;2.000;1.000;0.250;20;1004427.500;13.000;471.557;1003539;1005227
2;1.000;1.000;0.400;50;1004623.500;50.000;181.954;1004447;1005013
2;2.000;2.000;0.250;50;1004548.500;36.000;269.764;1004162;1005009
2;1.000;1.000;0.250;50;1004599.000;54.000;105.380;1004445;1004777
2;1.500;1.500;0.400;20;1004494.000;36.500;243.574;1004012;1004845
2;1.500;1.500;0.250;50;1004604.500;62.000;181.341;1004380;1004906
2;1.500;1.500;0.250;20;1004419.500;28.500;296.716;1004156;1005123
2;1.000;1.000;0.400;20;1004451.500;37.500;170.505;1004182;1004682
2;2.000;2.000;0.250;80;1004501.000;47.500;227.079;1004202;1004940
2;1.500;1.500;0.100;80;1004362.500;22.500;200.636;1004273;1004884
2;2.000;1.000;0.100;80;1004240.000;5.000;360.027;1003844;1005047
2;1.500;1.500;0.250;80;1004584.500;71.500;193.417;1004403;1005040
2;2.000;2.000;0.100;80;1004385.500;38.000;122.984;1004185;1004606
2;2.000;1.500;0.100;20;1004705.000;99.000;256.380;1004279;1005020
2;2.000;2.000;0.100;50;1004433.000;50.500;156.202;1004164;1004606
2;2.000;1.000;0.100;50;1004256.500;18.000;805.887;1003650;1006440
2;2.000;1.000;0.400;50;1004246.500;16.500;573.344;1003747;1005455
2;2.000;1.000;0.400;20;1004187.500;7.500;596.193;1003537;1005343
2;1.000;1.500;0.400;50;1004362.500;41.000;152.954;1004186;1004598
2;1.500;1.500;0.400;50;1004480.500;67.000;229.755;1004180;1004957
2;1.000;1.500;0.250;50;1004277.000;29.000;114.631;1004101;1004433
2;2.000;1.000;0.250;50;1004472.500;66.500;511.269;1003820;1005202
2;1.500;1.500;0.100;20;1004297.500;35.000;213.649;1004216;1004863
2;2.000;2.000;0.400;50;1004363.500;51.500;313.805;1003866;1004908
2;1.000;1.500;0.400;80;1004312.000;45.000;194.941;1004088;1004739
2;1.000;1.500;0.100;80;1004311.000;45.000;84.431;1004213;1004451
2;2.000;2.000;0.100;20;1004256.500;36.000;278.514;1003750;1004724
2;1.500;1.500;0.100;50;1004498.000;87.500;189.310;1004213;1004898
2;1.000;1.500;0.250;80;1004280.000;46.500;99.818;1004109;1004432
2;1.000;1.500;0.100;50;1004242.500;40.000;111.269;1003970;1004327
2;2.000;1.000;0.250;80;1004139.000;22.500;443.620;1003711;1005144
2;1.500;2.000;0.250;80;1004222.000;40.500;122.038;1004037;1004425
2;1.000;1.000;0.100;20;1004370.000;69.500;241.068;1004094;1004862
2;2.000;1.000;0.100;20;1004197.500;39.000;348.742;1003960;1005129
2;1.500;2.000;0.100;50;1004198.500;39.500;202.531;1003872;1004629
2;2.000;2.000;0.250;20;1004297.000;58.500;241.127;1003995;1004908
2;1.500;2.000;0.400;20;1004128.500;28.000;217.902;1003847;1004540
2;1.500;2.000;0.100;80;1004223.000;46.500;97.515;1003990;1004337
2;1.000;1.500;0.250;20;1004106.000;27.500;173.753;1003796;1004310
2;1.000;1.500;0.100;20;1004056.000;18.500;128.922;1003942;1004282
2;1.500;2.000;0.400;80;1004274.000;61.500;126.974;1004114;1004478
2;1.500;2.000;0.250;20;1004134.000;36.000;126.884;1003951;1004399
2;1.500;2.000;0.400;50;1004228.500;55.000;163.218;1003885;1004363
2;1.000;2.000;0.250;50;1004015.000;15.000;105.065;1003842;1004162
2;2.000;2.000;0.400;20;1004177.500;46.000;148.376;1004001;1004427
2;1.500;2.000;0.250;50;1004162.500;45.000;126.210;1003860;1004247
2;2.000;1.000;0.400;80;1004045.500;26.000;324.919;1003823;1004801
2;1.500;2.000;0.100;20;1004084.000;34.500;126.392;1003862;1004200
2;1.000;2.000;0.100;50;1004089.000;37.500;110.496;1003878;1004235
2;1.000;2.000;0.250;80;1004020.500;25.000;148.662;1003894;1004363
2;1.000;2.000;0.400;50;1004119.500;44.000;128.828;1003911;1004294
2;1.000;2.000;0.400;80;1004088.000;40.500;81.892;1003964;1004208
2;1.000;2.000;0.100;80;1004044.000;36.000;122.001;1003878;1004263
2;1.000;1.500;0.400;20;1004191.500;70.500;146.853;1003890;1004317
2;1.000;2.000;0.400;20;1003880.500;33.000;176.449;1003705;1004274
2;1.000;2.000;0.250;20;1003932.000;72.500;179.445;1003843;1004452
2;1.000;2.000;0.100;20;1003871.500;88.500;95.071;1003754;1004054
3;1.500;0.800;0.500;90;1005663.500;62.500;229.464;1005245;1005970
3;1.500;0.800;0.200;60;1005784.000;89.000;362.130;1004805;1005883
3;2.000;1.300;0.200;90;1005438.500;35.000;737.899;1003816;1006081
3;2.000;1.300;0.350;90;1005439.500;49.000;406.218;1005185;1006438
3;1.500;0.800;0.350;90;1005770.000;112.000;208.997;1005435;1006123
3;1.500;0.800;0.200;90;1005732.000;111.500;547.471;1004824;1006499
3;2.000;1.300;0.500;90;1005348.000;57.500;577.873;1004241;1006020
3;2.000;1.300;0.350;30;1005229.500;42.500;582.411;1004143;1005620
3;1.500;0.800;0.500;60;1005342.000;66.000;425.531;1004481;1005950
3;2.000;1.300;0.350;60;1005217.000;61.000;455.599;1004330;1005902
3;1.500;0.800;0.350;60;1005629.000;137.500;736.302;1003789;1006376
3;2.000;1.300;0.500;30;1005260.000;85.500;669.001;1003878;1005891
3;1.500;1.300;0.500;90;1005045.500;50.500;289.029;1004657;1005576
3;2.000;1.300;0.500;60;1005241.500;84.500;833.684;1003823;1006042
3;1.500;1.300;0.350;60;1005028.500;51.000;233.336;1004696;1005367
3;1.500;0.800;0.200;30;1005165.000;76.000;517.956;1004088;1005648
3;2.000;1.300;0.200;60;1005105.000;69.000;477.608;1004577;1006110
3;1.500;1.300;0.350;90;1005087.000;70.000;270.841;1004731;1005609
3;1.500;1.300;0.500;30;1004884.000;38.500;413.629;1004244;1005560
3;1.000;0.800;0.200;90;1004950.000;51.000;294.311;1004519;1005467
3;1.500;1.300;0.500;60;1005001.000;62.500;287.710;1004437;1005404
3;1.500;1.300;0.200;30;1004860.000;43.500;151.182;1004646;1005124
3;1.500;0.800;0.500;30;1004869.500;45.500;720.785;1004028;1006196
3;1.000;0.800;0.500;90;1004765.000;33.500;181.081;1004487;1005060
3;1.000;0.800;0.350;90;1004855.500;50.500;181.242;1004547;1005117
3;1.500;1.300;0.200;90;1004974.500;71.000;212.696;1004510;1005207
3;1.000;0.800;0.350;60;1004706.000;39.500;326.477;1004485;1005567
3;2.000;1.300;0.200;30;1004806.500;60.500;607.124;1004069;1006039
3;1.500;0.800;0.350;30;1004912.000;81.500;662.362;1004226;1006253
3;1.500;1.300;0.350;30;1004724.500;50.500;169.012;1004455;1004923
3;1.000;0.800;0.500;30;1004638.500;40.500;372.736;1004414;1005647
3;1.000;0.800;0.200;60;1004584.500;39.500;222.955;1004358;1005048
3;1.000;0.800;0.350;30;1004641.000;56.500;186.579;1004307;1005010
3;2.000;1.800;0.500;60;1004486.500;32.000;319.200;1003918;1004948
3;1.000;0.800;0.500;60;1004775.000;82.500;305.778;1004510;1005353
3;1.000;1.300;0.200;30;1004463.000;29.000;290.544;1004189;1005180
3;2.000;1.800;0.200;90;1004526.500;44.000;191.348;1004363;1004941
3;2.000;1.800;0.500;90;1004578.500;54.000;287.758;1004388;1005375
3;2.000;0.800;0.350;90;1004306.000;8.500;375.609;1003749;1005216
3;2.000;0.800;0.200;90;1004307.500;10.000;140.540;1004149;1004666
3;2.000;0.800;0.200;60;1004309.500;11.000;158.662;1004069;1004580
3;1.000;0.800;0.200;30;1004556.000;54.500;305.480;1004265;1005233
3;2.000;0.800;0.500;60;1004270.000;7.000;233.190;1003865;1004658
3;1.500;1.800;0.500;90;1004443.000;39.000;149.182;1004245;1004731
3;2.000;0.800;0.350;60;1004253.500;7.000;272.671;1003806;1004650
3;1.000;1.300;0.350;90;1004446.000;42.000;83.591;1004263;1004524
3;1.500;1.300;0.200;60;1004707.500;88.000;226.537;1004371;1005038
3;2.000;1.800;0.350;60;1004493.000;51.500;179.110;1004297;1004878
3;1.000;1.300;0.500;90;1004466.000;52.500;126.071;1004239;1004634
3;1.000;1.300;0.200;90;1004377.500;39.000;184.361;1004139;1004722
3;1.500;1.800;0.350;90;1004517.000;63.000;191.920;1004215;1004898
3;2.000;1.800;0.200;60;1004649.500;86.000;336.488;1004298;1005518
3;2.000;1.800;0.350;30;1004366.500;37.500;221.977;1004180;1004766
3;1.000;1.300;0.350;60;1004308.500;28.000;164.331;1004074;1004666
3;2.000;0.800;0.500;90;1004189.500;9.000;239.904;1003688;1004619
3;2.000;1.800;0.350;90;1004411.500;50.500;202.505;1004292;1004898
3;1.500;1.800;0.500;60;1004287.000;34.000;136.907;1004192;1004681
3;2.000;1.800;0.200;30;1004361.500;47.500;271.028;1004036;1004960
3;1.000;1.300;0.500;60;1004313.500;40.000;272.071;1004105;1005121
3;1.500;1.800;0.500;30;1004345.000;46.500;167.232;1004156;1004660
3;2.000;0.800;0.500;30;1004225.500;26.500;376.755;1003708;1005056
3;2.000;1.800;0.500;30;1004364.000;51.000;308.401;1003684;1004785
3;1.500;1.800;0.200;30;1004244.000;36.500;160.738;1004020;1004590
3;1.500;1.800;0.200;90;1004383.500;60.500;247.934;1004069;1004891
3;2.000;0.800;0.350;30;1004096.000;12.500;413.657;1003688;1004926
3;1.000;1.800;0.350;60;1004214.000;33.000;159.242;1004032;1004554
3;2.000;0.800;0.200;30;1004110.500;17.000;238.058;1003760;1004445
3;1.500;1.800;0.350;30;1004323.000;58.500;130.353;1004125;1004508
3;1.500;1.800;0.350;60;1004276.500;52.000;165.113;1004201;1004712
3;1.000;1.300;0.350;30;1004338.000;64.500;216.902;1003962;1004701
3;1.000;1.300;0.200;60;1004389.500;78.000;94.477;1004180;1004516
3;1.000;1.800;0.350;90;1004131.000;35.000;109.572;1003950;1004291
3;1.000;1.800;0.200;90;1004186.000;46.500;105.270;1004003;1004419
3;1.000;1.800;0.500;90;1004227.500;54.000;101.634;1003992;1004320
3;1.500;1.800;0.200;60;1004268.000;64.500;118.933;1004132;1004534
3;1.000;1.800;0.200;60;1004238.500;64.000;121.318;1003992;1004417
3;1.000;1.800;0.200;30;1004029.500;39.500;167.313;1003830;1004307
3;1.000;1.300;0.500;30;1004172.000;65.000;103.553;1004057;1004387
3;1.000;1.800;0.500;60;1004167.000;64.500;107.231;1004067;1004379
3;1.000;1.800;0.500;30;1004130.000;60.500;130.591;1003899;1004320
3;1.000;1.800;0.350;30;1004013.500;41.000;107.847;1003865;1004225
4;1.500;1.000;0.300;60;1005002.000;23.000;266.094;1004553;1005563
4;2.000;1.500;0.500;90;1004906.000;13.500;266.353;1004526;1005252
4;1.500;1.000;0.300;90;1004930.500;34.000;231.478;1004543;1005315
4;2.000;1.500;0.300;90;1004870.000;31.500;317.305;1004372;1005335
4;1.500;1.000;0.500;90;1005005.000;60.000;301.771;1004798;1005669
4;1.000;0.500;0.500;90;1004952.500;54.500;238.639;1004474;1005217
4;1.500;1.000;0.300;30;1004826.000;35.500;399.768;1004348;1005563
4;1.000;1.000;0.500;60;1004795.000;34.500;297.287;1004572;1005450
4;1.500;1.000;0.100;90;1004869.500;47.000;180.638;1004629;1005187
4;1.500;1.000;0.100;60;1005004.500;70.000;170.962;1004775;1005347
4;1.500;0.500;0.100;90;1004747.000;28.000;432.442;1004326;1005682
4;2.000;1.500;0.100;90;1004890.000;52.000;328.365;1004552;1005628
4;1.500;1.500;0.300;60;1004724.000;25.500;190.271;1004470;1005077
4;1.500;1.000;0.500;60;1004983.500;68.500;217.486;1004463;1005209
4;1.000;0.500;0.100;90;1004829.500;44.000;184.780;1004564;1005218
4;1.000;1.000;0.100;90;1004921.500;67.000;251.950;1004576;1005261
4;1.500;1.500;0.100;90;1004799.500;48.500;292.271;1004415;1005239
4;1.500;0.500;0.300;90;1004566.000;13.500;360.893;1004101;1005236
4;1.500;1.500;0.500;60;1004685.000;34.500;312.915;1004377;1005323
4;1.500;1.500;0.500;90;1004754.500;47.000;143.581;1004432;1004933
4;2.000;1.500;0.500;60;1004602.500;22.000;334.000;1004302;1005253
4;1.500;1.000;0.100;30;1004992.000;87.000;159.758;1004741;1005197
4;1.500;1.000;0.500;30;1004885.000;69.500;370.718;1004256;1005506
4;1.000;1.000;0.300;90;1004785.500;53.500;218.301;1004570;1005224
4;2.000;1.500;0.300;60;1004652.500;37.500;311.884;1004228;1005060
4;1.000;0.500;0.300;60;1004982.000;92.000;269.432;1004417;1005255
4;1.000;1.000;0.300;30;1004666.500;40.500;215.942;1004302;1004838
4;1.500;0.500;0.500;90;1004466.000;9.000;183.420;1004207;1004842
4;1.000;0.500;0.300;90;1004739.000;57.000;177.775;1004584;1005119
4;1.000;1.000;0.500;90;1004661.500;46.000;237.086;1004417;1005198
4;1.000;1.000;0.300;60;1004733.000;58.000;134.415;1004582;1005025
4;2.000;1.500;0.100;30;1004712.000;55.500;404.202;1004280;1005447
4;1.000;0.500;0.100;60;1004744.000;62.000;208.753;1004535;1005149
4;1.000;0.500;0.500;60;1004754.000;65.500;204.560;1004386;1004957
4;1.500;0.500;0.100;60;1004464.000;18.000;203.357;1004217;1004849
4;1.500;0.500;0.300;60;1004437.500;14.000;274.947;1003966;1004944
4;1.000;1.000;0.100;60;1004571.500;37.500;171.985;1004348;1004867
4;1.000;0.500;0.500;30;1004688.000;57.500;144.540;1004416;1004841
4;1.000;0.500;0.300;30;1004618.500;51.000;289.994;1004318;1005238
4;1.500;1.500;0.300;90;1004717.000;68.000;278.339;1004428;1005367
4;2.000;1.000;0.100;30;1004334.000;7.500;444.762;1003699;1005052
4;2.000;1.500;0.300;30;1004477.500;32.000;152.996;1004171;1004604
4;1.500;1.500;0.300;30;1004559.500;46.000;187.101;1004236;1004848
4;1.000;1.000;0.500;30;1004513.500;43.500;248.472;1004298;1005022
4;1.500;1.500;0.500;30;1004514.500;44.500;234.900;1004070;1004891
4;2.000;1.500;0.100;60;1004675.500;71.500;403.686;1004461;1005496
4;2.000;1.000;0.100;90;1004296.000;11.500;210.184;1003807;1004524
4;1.500;1.500;0.100;60;1004496.500;45.500;254.140;1004234;1005086
4;2.000;1.000;0.300;90;1004480.000;43.500;380.927;1003959;1005275
4;1.000;1.000;0.100;30;1004447.500;39.000;152.179;1004184;1004683
4;1.500;0.500;0.500;30;1004461.500;45.500;514.418;1004018;1005423
4;1.500;1.500;0.100;30;1004517.500;56.500;303.462;1004228;1005228
4;2.000;1.000;0.500;30;1004372.000;35.000;665.066;1003720;1005874
4;1.500;0.500;0.300;30;1004351.500;32.000;411.113;1003531;1004895
4;1.000;0.500;0.100;30;1004439.000;50.500;273.866;1004208;1004995
4;2.000;1.500;0.500;30;1004649.500;85.500;349.960;1004086;1005057
4;1.000;1.500;0.300;60;1004319.500;31.000;265.184;1004184;1004984
4;2.000;1.000;0.500;90;1004202.000;13.000;464.659;1003709;1005407
4;2.000;1.000;0.500;60;1004131.000;4.000;358.593;1003856;1004842
4;2.000;1.000;0.300;30;1004202.500;17.000;408.903;1003439;1004455
4;1.500;0.500;0.100;30;1004326.500;38.500;196.553;1003910;1004689
4;2.000;1.000;0.300;60;1004113.000;4.500;169.592;1003961;1004476
4;1.500;0.500;0.500;60;1004368.000;47.500;282.387;1004073;1005060
4;1.000;1.500;0.500;60;1004271.500;33.500;273.222;1004065;1004994
4;2.000;0.500;0.100;90;1004092.500;6.500;281.193;1003788;1004768
4;1.000;1.500;0.100;90;1004320.000;46.000;151.308;1004089;1004650
4;1.000;1.500;0.300;90;1004312.500;48.000;165.744;1004228;1004720
4;2.000;0.500;0.300;30;1004065.500;10.500;397.380;1003393;1004538
4;2.000;0.500;0.100;30;1004082.500;16.500;300.097;1003355;1004212
4;1.000;1.500;0.500;90;1004261.000;49.500;136.694;1004119;1004560
4;1.000;1.500;0.500;30;1004198.500;39.500;143.524;1003945;1004428
4;2.000;0.500;0.100;60;1004018.000;11.000;344.164;1003782;1004888
4;1.000;1.500;0.300;30;1004220.500;47.000;92.977;1004090;1004393
4;2.000;0.500;0.500;60;1003946.500;5.500;328.992;1003501;1004381
4;2.000;1.000;0.100;60;1003933.500;7.000;143.819;1003767;1004190
4;1.000;1.500;0.100;60;1004139.000;42.000;164.505;1004038;1004528
4;2.000;0.500;0.300;60;1003876.000;8.000;241.289;1003605;1004378
4;2.000;0.500;0.500;30;1003885.500;12.000;547.007;1002953;1004690
4;2.000;0.500;0.300;90;1003837.000;7.000;257.006;1003545;1004316
4;1.000;1.500;0.100;30;1004200.000;69.000;112.512;1003994;1004315
4;2.000;0.500;0.500;90;1003762.000;5.000;309.050;1003333;1004322
5;1.500;1.000;0.500;45;1005128.500;22.500;442.782;1004644;1005992
5;1.500;1.000;0.700;105;1005013.500;18.500;408.292;1004620;1006029
5;1.500;1.000;0.500;105;1005038.000;27.000;358.660;1004566;1005625
5;1.500;1.000;0.700;75;1004867.000;19.500;212.740;1004761;1005393
5;2.000;1.500;0.700;45;1004925.500;38.000;530.919;1004132;1006064
5;1.500;1.000;0.300;105;1004810.500;24.500;228.449;1004520;1005254
5;2.000;1.500;0.700;105;1004796.000;22.500;371.864;1004226;1005648
5;2.000;1.500;0.300;105;1004759.500;16.500;394.938;1004348;1005876
5;1.500;1.000;0.300;45;1004833.000;29.500;309.838;1004510;1005469
5;1.000;0.500;0.700;75;1005039.500;64.500;220.154;1004628;1005252
5;1.500;1.000;0.500;75;1004934.000;48.000;218.840;1004626;1005269
5;1.000;0.500;0.500;45;1004915.000;46.500;314.286;1004639;1005499
5;2.000;1.500;0.700;75;1004829.500;32.500;197.534;1004556;1005156
5;1.000;0.500;0.700;105;1004906.500;45.500;245.714;1004541;1005430
5;1.000;0.500;0.500;105;1005070.500;72.500;193.388;1004687;1005192
5;1.500;1.000;0.300;75;1004907.500;49.000;219.461;1004607;1005329
5;2.000;1.500;0.500;105;1004754.500;24.000;180.384;1004501;1005047
5;1.500;1.000;0.700;45;1004889.000;50.000;377.027;1004660;1005951
5;1.000;1.000;0.700;105;1004698.000;22.000;193.937;1004467;1005142
5;1.000;0.500;0.500;75;1004816.500;42.500;237.032;1004486;1005176
5;1.000;0.500;0.300;75;1005010.000;74.500;182.842;1004625;1005199
5;1.000;1.000;0.300;105;1004922.000;64.000;213.739;1004614;1005295
5;1.000;1.000;0.700;75;1004706.500;31.500;246.223;1004376;1005228
5;2.000;1.500;0.300;45;1004729.000;41.000;299.443;1004171;1005166
5;1.000;0.500;0.300;45;1004911.500;71.500;462.309;1004281;1005936
5;1.000;0.500;0.300;105;1004788.500;54.000;382.954;1004508;1005849
5;2.000;1.500;0.500;45;1004695.500;40.500;322.990;1004232;1005061
5;2.000;1.500;0.300;75;1004794.000;57.500;382.695;1004428;1005780
5;1.500;0.500;0.500;105;1004466.500;7.500;254.551;1003983;1004817
5;1.500;1.500;0.500;105;1004634.500;37.000;167.462;1004393;1004980
5;1.500;1.500;0.700;105;1004762.500;61.500;155.603;1004501;1005101
5;2.000;1.500;0.500;75;1004453.500;11.500;308.502;1004217;1005248
5;1.500;0.500;0.500;75;1004445.000;10.500;206.848;1004220;1004848
5;1.000;1.000;0.500;105;1004769.000;64.500;229.548;1004450;1005135
5;1.500;0.500;0.300;45;1004434.000;10.000;347.407;1004229;1005343
5;1.500;1.500;0.300;105;1004792.000;69.000;171.761;1004526;1005082
5;1.000;0.500;0.700;45;1004575.500;36.500;297.519;1004120;1004978
5;1.000;1.000;0.300;45;1004592.500;39.500;271.596;1004343;1005128
5;1.500;0.500;0.300;75;1004438.500;15.000;177.966;1004135;1004670
5;1.500;1.500;0.500;75;1004766.500;69.000;181.868;1004342;1004989
5;1.500;1.500;0.700;45;1004597.000;44.500;143.945;1004325;1004871
5;1.500;1.500;0.500;45;1004661.500;56.000;207.152;1004393;1005066
5;1.500;0.500;0.700;75;1004381.500;11.000;179.331;1003977;1004548
5;1.000;1.000;0.500;45;1004581.500;45.000;202.528;1004391;1004961
5;1.500;0.500;0.300;105;1004375.000;14.500;251.733;1004159;1004857
5;2.000;1.000;0.500;75;1004288.000;4.500;352.149;1003774;1004907
5;1.000;1.000;0.700;45;1004679.000;73.000;161.582;1004480;1005020
5;2.000;1.000;0.300;75;1004261.500;8.000;354.730;1003782;1005022
5;2.000;1.000;0.500;105;1004301.500;15.000;479.695;1003800;1005426
5;1.500;0.500;0.700;105;1004290.500;13.500;180.230;1004101;1004716
5;1.500;1.500;0.300;45;1004598.500;65.000;208.691;1004244;1004967
5;1.000;1.000;0.300;75;1004615.500;69.000;176.604;1004355;1004881
5;1.500;1.500;0.700;75;1004598.500;68.000;269.725;1004380;1005119
5;1.500;1.500;0.300;75;1004561.000;67.500;226.888;1004258;1005053
5;1.500;0.500;0.500;45;1004252.500;17.000;187.231;1004035;1004740
5;1.000;1.500;0.700;75;1004309.000;29.500;94.736;1004149;1004461
5;1.000;1.500;0.700;105;1004273.000;26.000;151.361;1004142;1004602
5;2.000;1.000;0.300;45;1004224.000;19.500;252.918;1003992;1004659
5;1.000;1.500;0.500;105;1004311.000;35.500;102.498;1004212;1004575
5;1.000;1.000;0.500;75;1004722.500;104.000;205.188;1004505;1005140
5;1.000;1.500;0.500;75;1004277.000;31.000;112.911;1004081;1004508
5;2.000;1.000;0.700;105;1004118.000;5.000;361.725;1003712;1004957
5;1.000;1.500;0.700;45;1004248.000;31.000;165.957;1004031;1004529
5;2.000;1.000;0.700;75;1004285.000;39.500;310.865;1003873;1004782
5;1.000;1.500;0.300;105;1004350.000;51.500;218.517;1004116;1004919
5;2.000;1.000;0.300;105;1004211.000;31.500;175.692;1003975;1004491
5;2.000;0.500;0.700;45;1004055.000;7.000;415.257;1003383;1004728
5;2.000;0.500;0.300;75;1004061.000;11.000;250.736;1003683;1004464
5;2.000;0.500;0.500;105;1004018.500;6.000;248.029;1003681;1004402
5;2.000;1.000;0.700;45;1004024.500;9.000;431.807;1003699;1004891
5;1.000;1.500;0.500;45;1004267.500;52.000;123.388;1004145;1004489
5;1.500;0.500;0.700;45;1004212.500;44.000;406.844;1003731;1005043
5;1.000;1.500;0.300;75;1004279.000;60.500;87.198;1004127;1004425
5;1.000;1.500;0.300;45;1004263.500;60.000;76.324;1004104;1004377
5;2.000;1.000;0.500;45;1004169.000;47.000;873.281;1003642;1005949
5;2.000;0.500;0.300;105;1003924.500;7.500;142.095;1003793;1004218
5;2.000;0.500;0.500;75;1003891.500;7.000;501.233;1003360;1004900
5;2.000;0.500;0.700;75;1003875.000;5.500;397.690;1003441;1004410
5;2.000;0.500;0.700;105;1003811.500;5.000;278.619;1003292;1004246
5;2.000;0.500;0.300;45;1003771.500;9.500;319.987;1003593;1004625
5;2.000;0.500;0.500;45;1003717.500;5.000;502.474;1003043;1004619
6;1.500;1.000;0.300;60;1005213.000;29.500;283.788;1004777;1005555
6;1.500;1.000;0.300;85;1005005.000;34.000;153.307;1004756;1005202
6;1.500;1.000;0.700;35;1004878.000;19.500;349.134;1004705;1005536
6;1.500;1.000;0.300;35;1005147.000;58.500;390.128;1004627;1005706
6;2.000;1.500;0.300;35;1005012.000;46.000;462.005;1004229;1005768
6;1.500;1.000;0.500;60;1004812.000;22.000;187.459;1004515;1005150
6;1.500;1.000;0.700;60;1004979.000;45.500;367.981;1004461;1005632
6;1.500;1.000;0.500;85;1004937.000;43.500;226.755;1004528;1005411
6;2.000;1.500;0.500;60;1004957.500;46.500;294.603;1004482;1005338
6;2.000;1.500;0.300;60;1004791.000;25.000;392.134;1004155;1005319
6;1.000;0.500;0.300;85;1004986.500;52.500;147.727;1004723;1005183
6;1.000;0.500;0.700;85;1004988.500;55.500;174.611;1004625;1005199
6;1.000;1.000;0.500;60;1004850.000;38.000;180.609;1004498;1004964
6;1.000;0.500;0.500;85;1004910.000;46.500;203.276;1004712;1005343
6;1.500;1.000;0.700;85;1004793.500;32.000;440.981;1004596;1006029
6;1.500;1.000;0.500;35;1004974.000;58.500;141.491;1004713;1005206
6;2.000;1.500;0.700;60;1004760.500;29.500;260.861;1004297;1005226
6;1.000;1.000;0.700;85;1004769.000;35.000;213.942;1004584;1005194
6;1.000;0.500;0.300;60;1004932.000;60.000;203.480;1004552;1005239
6;2.000;1.500;0.500;85;1004647.500;22.500;363.336;1004320;1005468
6;1.000;1.000;0.500;85;1004704.500;34.500;221.992;1004430;1005196
6;2.000;1.500;0.700;85;1004909.500;64.000;612.655;1004261;1006095
6;1.000;0.500;0.700;35;1004805.500;51.500;318.225;1004357;1005322
6;2.000;1.500;0.300;85;1004670.500;33.000;294.890;1004291;1005079
6;1.500;0.500;0.700;85;1004489.500;9.500;258.611;1004307;1005170
6;1.000;0.500;0.500;60;1004767.000;49.000;128.725;1004453;1004813
6;1.500;1.500;0.500;35;1004612.000;32.000;255.404;1004319;1005107
6;1.000;1.000;0.300;35;1004594.500;30.500;266.851;1004284;1005221
6;1.500;1.500;0.500;60;1004708.000;46.500;216.365;1004392;1005128
6;1.000;0.500;0.500;35;1004624.000;39.500;351.927;1004357;1005500
6;1.500;0.500;0.500;85;1004404.500;12.000;268.127;1003965;1004815
6;1.000;1.000;0.700;60;1004594.000;38.500;260.333;1004265;1005219
6;1.000;1.000;0.300;85;1004732.500;59.500;204.915;1004373;1005041
6;2.000;1.000;0.500;60;1004326.500;5.500;384.169;1003775;1005156
6;1.500;0.500;0.300;85;1004390.500;14.500;197.674;1004132;1004748
6;1.500;1.500;0.700;35;1004468.000;25.500;202.823;1004192;1004796
6;1.000;1.000;0.500;35;1004574.000;41.000;170.473;1004276;1004807
6;2.000;1.000;0.300;60;1004348.000;10.000;414.397;1003875;1005207
6;1.000;0.500;0.700;60;1004801.000;74.500;175.823;1004620;1005203
6;1.500;1.500;0.700;60;1004540.500;38.500;131.449;1004347;1004695
6;1.500;1.500;0.300;85;1004600.000;47.500;147.378;1004458;1004901
6;1.500;0.500;0.300;35;1004343.500;12.000;284.433;1003967;1004854
6;1.500;1.500;0.500;85;1004724.500;68.500;176.211;1004384;1004884
6;2.000;1.500;0.500;35;1004591.000;51.000;356.839;1003680;1004932
6;1.500;0.500;0.500;60;1004316.000;15.000;312.470;1004053;1004925
6;1.500;0.500;0.300;60;1004382.000;24.500;367.236;1004137;1005397
6;1.000;1.000;0.300;60;1004720.500;72.500;236.623;1004335;1005089
6;2.000;0.500;0.500;60;1004248.000;8.000;395.711;1003392;1004718
6;1.500;1.500;0.700;85;1004576.500;59.000;190.641;1004199;1004873
6;1.500;0.500;0.500;35;1004280.000;19.500;344.366;1003841;1004857
6;1.500;0.500;0.700;60;1004258.000;17.500;229.653;1004077;1004871
6;2.000;1.500;0.700;35;1004578.000;62.000;462.943;1004173;1005812
6;1.000;1.500;0.500;85;1004282.500;23.000;70.458;1004148;1004339
6;1.500;0.500;0.700;35;1004200.000;12.500;302.193;1003641;1004768
6;2.000;1.000;0.300;35;1004456.500;48.500;455.173;1003811;1005304
6;2.000;1.000;0.700;35;1004159.000;8.000;238.831;1003898;1004597
6;2.000;1.000;0.500;85;1004117.000;3.000;364.981;1003627;1004836
6;2.000;1.000;0.300;85;1004141.000;6.500;387.209;1003639;1004697
6;2.000;1.000;0.700;60;1004248.500;21.500;404.088;1003773;1005087
6;1.500;1.500;0.300;60;1004528.000;60.500;171.683;1004319;1004893
6;1.000;1.500;0.700;60;1004269.500;26.500;202.997;1004042;1004627
6;1.000;0.500;0.300;35;1004530.500;65.500;195.392;1004252;1004813
6;1.000;1.500;0.500;60;1004241.000;27.000;183.927;1004044;1004753
6;2.000;0.500;0.500;85;1004081.500;5.000;460.551;1003216;1004775
6;2.000;1.000;0.700;85;1004253.000;31.000;408.817;1003620;1004730
6;2.000;0.500;0.700;85;1004014.000;4.500;372.081;1003467;1004515
6;1.000;1.500;0.300;85;1004308.000;49.500;155.585;1004111;1004589
6;1.500;1.500;0.300;35;1004432.500;67.500;144.089;1004126;1004583
6;1.000;1.500;0.700;85;1004250.500;44.500;110.762;1004183;1004531
6;2.000;1.000;0.500;35;1003981.500;8.000;303.743;1003684;1004741
6;1.000;1.500;0.500;35;1004168.500;37.000;169.201;1003971;1004498
6;1.000;1.500;0.300;35;1004178.000;43.500;180.682;1003943;1004484
6;2.000;0.500;0.700;60;1003880.500;4.000;425.009;1003285;1004790
6;1.000;1.500;0.300;60;1004255.500;59.500;124.178;1004102;1004452
6;2.000;0.500;0.500;35;1003856.500;9.500;371.225;1003445;1004428
6;1.000;1.000;0.700;35;1004478.500;96.500;232.951;1004292;1005008
6;1.000;1.500;0.700;35;1004216.500;60.500;170.195;1004020;1004660
6;2.000;0.500;0.300;85;1003798.000;6.000;343.915;1003519;1004571
6;2.000;0.500;0.300;35;1003776.500;5.500;262.119;1003353;1004180
6;2.000;0.500;0.300;60;1003699.000;6.000;305.472;1003456;1004355
6;2.000;0.500;0.700;35;1003640.000;9.500;506.145;1003074;1004689
7;1.500;1.000;0.600;60;1005145.500;50.000;321.456;1004676;1005553
7;1.500;1.000;0.600;85;1004915.500;21.000;231.065;1004584;1005375
7;1.500;1.000;0.400;85;1004950.500;28.500;126.142;1004798;1005232
7;1.500;1.000;0.200;85;1005042.500;54.500;204.111;1004734;1005323
7;1.500;1.000;0.400;60;1004887.500;31.500;232.339;1004532;1005284
7;1.500;1.000;0.200;60;1004928.000;43.000;228.336;1004627;1005249
7;1.100;0.600;0.400;35;1004988.000;55.500;363.858;1004334;1005708
7;1.500;1.400;0.600;85;1004905.500;42.500;143.602;1004665;1005140
7;1.100;0.600;0.600;85;1004960.500;52.000;157.037;1004742;1005240
7;1.100;0.600;0.400;85;1004844.000;35.000;152.867;1004624;1005089
7;1.900;1.400;0.600;85;1004871.000;39.500;335.506;1004553;1005745
7;1.900;1.400;0.200;85;1004771.500;24.000;301.981;1004396;1005334
7;1.100;1.000;0.400;85;1004872.000;43.000;271.199;1004427;1005355
7;1.500;1.000;0.600;35;1004866.500;42.500;306.433;1004159;1005269
7;1.500;1.000;0.200;35;1004802.000;33.000;172.721;1004634;1005130
7;1.500;1.400;0.200;85;1004892.500;52.500;235.502;1004477;1005231
7;1.500;0.600;0.200;85;1004626.000;9.500;401.555;1004281;1005655
7;1.900;1.400;0.400;35;1004852.000;46.500;333.918;1004184;1005448
7;1.900;1.400;0.600;35;1004682.500;19.000;384.099;1004198;1005557
7;1.100;0.600;0.600;60;1004847.500;47.500;316.675;1004512;1005640
7;1.900;1.000;0.600;35;1004731.500;29.500;597.083;1003759;1005745
7;1.100;0.600;0.600;35;1004756.500;35.000;293.414;1004576;1005417
7;1.500;1.400;0.400;85;1004741.000;36.500;160.390;1004577;1005107
7;1.100;0.600;0.400;60;1004899.500;64.000;262.904;1004698;1005587
7;1.100;1.000;0.600;85;1004812.000;52.500;163.547;1004530;1004980
7;1.100;1.000;0.600;60;1004793.000;49.500;219.255;1004554;1005369
7;1.900;1.400;0.200;35;1004702.000;35.000;341.101;1004289;1005364
7;1.900;1.400;0.400;60;1004807.500;52.500;235.253;1004674;1005480
7;1.500;1.000;0.400;35;1004850.500;62.000;286.701;1004334;1005378
7;1.100;0.600;0.200;85;1004923.000;74.500;245.356;1004692;1005426
7;1.500;0.600;0.400;85;1004504.500;9.000;413.494;1003960;1005471
7;1.500;1.400;0.200;35;1004737.000;47.000;227.545;1004377;1005205
7;1.900;1.400;0.400;85;1004746.500;51.000;352.367;1004513;1005724
7;1.900;1.400;0.200;60;1004601.000;27.500;120.928;1004420;1004768
7;1.100;1.000;0.200;85;1004815.000;63.000;271.112;1004487;1005468
7;1.500;0.600;0.400;60;1004620.000;31.500;364.445;1004088;1005358
7;1.100;0.600;0.200;60;1004813.000;64.500;182.992;1004612;1005152
7;1.100;1.000;0.200;60;1004747.500;54.000;207.129;1004606;1005311
7;1.100;1.000;0.400;60;1004690.500;48.500;247.001;1004465;1005156
7;1.500;1.400;0.600;60;1004553.000;29.000;262.748;1004428;1005278
7;1.500;0.600;0.400;35;1004545.000;28.500;632.185;1003689;1005905
7;1.500;1.400;0.200;60;1004695.500;53.500;176.695;1004358;1004897
7;1.100;0.600;0.200;35;1004772.500;68.000;314.817;1004303;1005359
7;1.900;0.600;0.200;60;1004488.500;22.500;436.982;1003567;1004810
7;1.900;1.000;0.400;35;1004470.500;21.500;573.063;1003609;1005140
7;1.500;0.600;0.200;60;1004412.500;16.000;511.993;1004073;1005506
7;1.500;1.400;0.400;60;1004735.000;69.000;402.208;1004195;1005418
7;1.100;1.000;0.400;35;1004640.000;55.000;184.750;1004334;1004943
7;1.500;1.400;0.400;35;1004545.500;40.500;127.260;1004403;1004785
7;1.100;1.000;0.200;35;1004601.000;50.000;200.281;1004401;1005018
7;1.900;0.600;0.600;85;1004345.500;8.500;217.869;1003924;1004693
7;1.900;1.000;0.200;60;1004477.500;33.500;549.031;1003816;1005630
7;1.900;0.600;0.400;85;1004326.000;9.000;364.660;1003655;1004935
7;1.900;0.600;0.200;35;1004336.000;15.000;363.176;1003733;1005040
7;1.900;0.600;0.600;60;1004275.000;7.000;245.555;1004086;1004755
7;1.100;1.000;0.600;35;1004737.500;82.500;282.953;1004338;1005308
7;1.900;1.400;0.600;60;1004532.500;51.000;208.285;1004269;1004996
7;1.900;1.000;0.200;85;1004290.000;11.500;472.340;1003717;1005276
7;1.100;1.400;0.400;85;1004463.500;40.500;133.267;1004261;1004698
7;1.500;1.400;0.600;35;1004497.500;48.500;236.287;1004250;1005006
7;1.100;1.400;0.200;60;1004337.000;22.500;114.284;1004191;1004515
7;1.900;1.000;0.400;85;1004534.000;55.000;454.534;1003959;1005341
7;1.500;0.600;0.600;85;1004227.500;7.000;226.413;1003808;1004554
7;1.500;0.600;0.200;35;1004285.500;17.000;365.702;1003830;1004845
7;1.900;0.600;0.400;60;1004204.000;7.000;312.345;1003869;1004792
7;1.500;0.600;0.600;60;1004381.000;36.500;519.595;1004048;1005646
7;1.100;1.400;0.600;35;1004335.000;29.000;149.924;1004177;1004598
7;1.100;1.400;0.600;85;1004399.000;39.500;118.410;1004249;1004611
7;1.900;1.000;0.200;35;1004351.000;33.500;302.472;1004213;1005167
7;1.500;0.600;0.600;35;1004229.500;14.000;502.574;1003621;1005295
7;1.900;0.600;0.200;85;1004231.500;18.500;248.445;1003774;1004545
7;1.900;1.000;0.400;60;1004148.500;7.500;207.026;1003836;1004464
7;1.100;1.400;0.200;35;1004275.000;33.500;140.724;1004080;1004522
7;1.900;1.000;0.600;60;1004336.000;44.500;376.422;1004076;1005148
7;1.100;1.400;0.200;85;1004392.000;56.000;133.274;1004162;1004571
7;1.100;1.400;0.600;60;1004346.500;57.000;256.216;1004091;1005025
7;1.900;1.000;0.600;85;1004137.500;26.000;249.716;1003913;1004678
7;1.100;1.400;0.400;35;1004332.500;58.000;152.726;1004157;1004604
7;1.900;0.600;0.600;35;1004106.000;24.000;270.780;1003732;1004585
7;1.100;1.400;0.400;60;1004371.000;67.500;152.696;1004199;1004705
7;1.900;0.600;0.400;35;1004066.000;20.500;391.874;1003688;1004958
8;1.800;1.000;0.600;95;1005414.500;54.500;787.307;1003917;1006451
8;1.800;1.000;0.400;95;1005350.500;56.500;469.316;1004621;1005987
8;1.800;1.000;0.600;45;1005131.000;53.000;706.959;1003865;1005872
8;1.400;0.600;0.400;70;1005069.000;47.500;438.820;1004353;1005444
8;1.800;1.400;0.200;70;1004834.000;22.500;247.122;1004221;1005071
8;1.400;1.000;0.400;70;1005046.000;58.000;240.476;1004750;1005593
8;1.400;1.000;0.400;45;1005032.500;56.000;244.592;1004522;1005367
8;1.800;1.000;0.400;70;1004900.500;39.000;621.472;1003910;1006144
8;1.000;0.600;0.400;95;1004897.500;39.000;243.989;1004668;1005415
8;1.400;0.600;0.600;95;1004817.000;27.500;530.582;1004301;1005813
8;1.400;0.600;0.600;70;1005183.500;84.500;611.453;1004188;1006252
8;1.800;1.400;0.200;45;1004855.500;34.500;268.960;1004415;1005114
8;1.800;1.000;0.200;70;1005041.000;68.000;550.934;1004023;1005628
8;1.400;1.000;0.600;70;1004840.500;39.500;241.547;1004563;1005387
8;1.400;1.400;0.600;95;1004874.000;45.000;274.912;1004383;1005191
8;1.400;1.000;0.200;95;1004903.000;50.000;169.609;1004768;1005261
8;1.400;1.000;0.400;95;1004966.000;61.000;418.831;1004692;1006133
8;1.400;1.000;0.600;95;1004705.500;22.500;326.769;1004599;1005566
8;1.000;0.600;0.200;70;1004851.000;46.500;167.725;1004428;1004998
8;1.400;0.600;0.200;45;1004670.000;19.000;481.165;1003916;1005340
8;1.000;1.000;0.600;95;1004818.000;44.500;207.117;1004411;1005125
8;1.400;1.000;0.600;45;1004680.500;25.000;343.274;1004160;1005416
8;1.000;1.000;0.400;70;1004761.000;38.500;262.183;1004522;1005398
8;1.400;0.600;0.400;95;1004923.000;65.500;713.753;1004280;1006252
8;1.800;1.400;0.400;95;1004687.500;30.500;262.948;1004273;1005136
8;1.800;1.400;0.400;45;1004664.500;27.000;307.041;1004245;1005154
8;1.000;1.000;0.200;45;1004671.500;28.500;372.554;1004281;1005644
8;1.000;0.600;0.200;95;1004932.000;71.500;305.557;1004628;1005505
8;1.000;0.600;0.400;45;1004807.000;52.500;170.421;1004511;1005124
8;1.000;1.000;0.200;95;1004669.500;32.000;230.947;1004502;1005164
8;1.400;1.400;0.600;70;1004680.500;34.500;124.523;1004485;1004949
8;1.400;1.000;0.200;70;1004870.000;63.500;177.130;1004631;1005125
8;1.000;1.000;0.600;70;1004756.500;48.500;152.483;1004365;1004908
8;1.000;1.000;0.200;70;1004697.000;39.500;347.965;1004346;1005596
8;1.000;0.600;0.200;45;1004734.000;45.500;173.776;1004501;1005039
8;1.000;0.600;0.600;95;1005012.000;88.000;231.029;1004479;1005187
8;1.000;0.600;0.600;70;1004854.500;64.500;316.039;1004674;1005753
8;1.400;0.600;0.200;95;1004901.500;72.000;424.385;1004196;1005305
8;1.400;1.400;0.400;70;1004810.000;58.500;186.826;1004503;1005089
8;1.800;1.400;0.200;95;1004678.000;39.000;171.330;1004365;1004903
8;1.800;1.000;0.200;45;1004667.500;38.500;526.202;1003973;1005473
8;1.000;1.000;0.600;45;1004620.000;32.500;207.264;1004231;1004963
8;1.400;1.400;0.400;95;1004698.500;45.000;281.312;1004402;1005332
8;1.800;1.400;0.400;70;1004713.000;47.500;339.009;1004322;1005332
8;1.000;0.600;0.600;45;1004688.500;45.000;222.324;1004363;1005161
8;1.800;1.000;0.200;95;1004624.000;37.500;461.606;1004017;1005311
8;1.800;1.000;0.400;45;1004635.000;40.000;569.330;1004221;1005621
8;1.800;1.400;0.600;95;1004619.500;38.000;232.426;1004349;1005147
8;1.400;1.400;0.200;70;1004609.500;36.500;283.265;1004394;1005252
8;1.800;0.600;0.200;45;1004463.000;14.500;113.427;1004269;1004603
8;1.400;1.400;0.200;95;1004593.000;35.000;150.786;1004252;1004777
8;1.400;1.400;0.400;45;1004528.500;25.500;164.125;1004296;1004811
8;1.400;0.600;0.200;70;1004685.500;51.000;593.847;1004194;1006251
8;1.800;0.600;0.400;95;1004371.500;6.500;209.480;1004052;1004760
8;1.800;0.600;0.400;70;1004435.000;16.500;254.999;1004114;1004834
8;1.800;0.600;0.200;95;1004405.500;13.500;250.675;1003974;1004781
8;1.800;0.600;0.600;95;1004389.000;11.000;355.648;1003678;1004901
8;1.000;1.000;0.400;45;1004651.000;51.500;265.355;1004444;1005296
8;1.800;1.400;0.600;70;1004667.000;54.500;230.149;1004497;1005125
8;1.000;0.600;0.400;70;1004740.500;66.500;132.605;1004595;1004930
8;1.800;0.600;0.200;70;1004383.500;15.500;211.182;1004197;1004835
8;1.400;0.600;0.600;45;1004525.000;42.000;445.494;1003975;1005333
8;1.800;1.400;0.600;45;1004402.000;23.500;157.915;1004115;1004660
8;1.000;1.000;0.400;95;1004753.000;79.500;209.784;1004513;1005204
8;1.000;1.400;0.600;70;1004369.500;21.500;91.009;1004225;1004482
8;1.000;1.400;0.200;95;1004567.000;52.000;160.987;1004279;1004695
8;1.400;1.400;0.600;45;1004635.000;62.500;224.163;1004150;1004893
8;1.400;1.000;0.200;45;1004543.500;50.000;385.570;1004471;1005553
8;1.800;0.600;0.600;45;1004250.000;10.500;281.455;1003819;1004707
8;1.800;1.000;0.600;70;1004537.000;55.500;397.696;1004087;1005340
8;1.400;1.400;0.200;45;1004473.500;47.000;162.378;1004390;1004884
8;1.000;1.400;0.600;95;1004282.000;24.500;76.071;1004179;1004409
8;1.800;0.600;0.600;70;1004235.000;18.500;272.074;1003946;1004838
8;1.000;1.400;0.400;70;1004341.000;39.000;197.795;1004094;1004737
8;1.800;0.600;0.400;45;1004247.000;26.000;308.944;1003614;1004676
8;1.000;1.400;0.600;45;1004303.000;38.500;208.768;1004065;1004758
8;1.400;0.600;0.400;45;1004511.500;79.500;655.120;1003962;1005654
8;1.000;1.400;0.400;45;1004285.000;46.000;140.389;1004118;1004618
8;1.000;1.400;0.200;70;1004357.500;59.500;166.268;1004187;1004669
8;1.000;1.400;0.400;95;1004332.500;56.500;184.327;1004251;1004727
8;1.000;1.400;0.200;45;1004169.500;56.500;190.621;1004115;1004651
9;1.400;0.600;0.500;60;1005188.000;31.500;498.695;1004193;1005499
9;1.400;0.600;0.500;85;1005366.000;67.500;733.322;1003951;1006178
9;1.800;1.000;0.500;85;1005417.000;80.500;821.774;1004181;1006359
9;1.400;0.600;0.700;60;1005176.000;43.000;497.291;1003782;1005480
9;1.400;0.600;0.300;110;1005187.000;50.000;657.105;1004429;1006879
9;1.400;0.600;0.500;110;1004970.000;26.500;638.676;1004362;1006592
9;1.400;1.000;0.500;85;1004942.000;23.000;164.670;1004687;1005180
9;1.400;1.000;0.700;110;1005026.000;38.000;302.989;1004588;1005641
9;1.400;0.600;0.700;85;1005002.500;45.500;536.913;1004407;1006006
9;1.000;0.600;0.700;85;1005001.500;48.000;326.647;1004562;1005624
9;1.000;0.600;0.700;110;1004856.000;27.500;169.670;1004644;1005190
9;1.400;1.000;0.500;110;1004832.500;24.000;288.422;1004636;1005583
9;1.400;1.000;0.700;60;1004938.000;44.500;364.512;1004502;1005838
9;1.000;0.600;0.300;60;1004915.000;40.500;305.472;1004566;1005568
9;1.000;0.600;0.500;85;1005006.500;59.000;200.076;1004527;1005233
9;1.800;1.000;0.300;110;1004919.000;46.000;490.061;1003976;1005969
9;1.400;1.400;0.700;110;1004810.500;27.500;159.471;1004423;1004960
9;1.400;1.000;0.500;60;1004857.500;36.000;206.406;1004600;1005250
9;1.400;1.400;0.700;85;1004822.500;30.000;218.611;1004420;1005130
9;1.400;0.600;0.300;85;1004993.500;62.500;455.948;1004263;1005707
9;1.800;1.000;0.300;85;1004990.000;62.500;684.392;1003750;1006399
9;1.000;0.600;0.300;110;1004946.500;60.500;229.445;1004686;1005394
9;1.800;1.000;0.700;60;1004861.500;49.000;758.655;1003844;1006062
9;1.800;1.000;0.700;110;1004974.500;69.000;443.497;1004496;1006147
9;1.800;1.400;0.300;85;1004640.000;11.500;196.538;1004481;1005042
9;1.400;1.000;0.300;110;1005068.000;87.000;169.210;1004780;1005412
9;1.000;1.000;0.300;60;1004700.000;24.000;220.970;1004215;1004890
9;1.400;0.600;0.700;110;1004814.000;45.500;427.959;1004128;1005792
9;1.400;1.000;0.300;85;1004865.500;56.000;260.124;1004583;1005409
9;1.400;1.400;0.500;85;1004782.000;44.000;161.921;1004546;1005083
9;1.000;1.000;0.500;110;1004716.000;37.000;74.572;1004627;1004904
9;1.000;1.000;0.500;85;1004816.000;55.500;246.768;1004386;1005177
9;1.800;1.000;0.500;60;1004755.500;45.000;652.644;1003884;1005713
9;1.000;0.600;0.500;60;1004817.000;58.000;298.255;1004593;1005466
9;1.800;1.400;0.700;110;1004572.000;15.500;279.757;1004389;1005382
9;1.000;0.600;0.500;110;1004867.500;67.500;282.301;1004469;1005479
9;1.400;1.000;0.700;85;1004686.000;36.000;301.592;1004488;1005393
9;1.000;0.600;0.300;85;1004889.500;72.000;239.842;1004526;1005215
9;1.800;1.400;0.700;85;1004577.500;17.500;217.092;1004205;1004839
9;1.000;0.600;0.700;60;1004661.500;33.000;297.276;1004525;1005310
9;1.000;1.000;0.700;110;1004727.000;45.000;160.365;1004365;1004849
9;1.800;1.400;0.500;85;1004637.500;30.000;214.472;1004360;1005031
9;1.800;1.400;0.500;110;1004656.500;35.500;146.108;1004359;1004846
9;1.800;1.000;0.700;85;1004675.500;39.000;550.497;1003711;1005324
9;1.000;1.000;0.300;85;1004718.000;46.500;230.657;1004451;1005266
9;1.800;1.400;0.500;60;1004647.500;34.500;402.298;1004294;1005731
9;1.400;1.400;0.300;60;1004791.000;60.000;193.182;1004445;1005032
9;1.800;1.400;0.300;60;1004695.500;44.500;217.087;1004420;1005220
9;1.800;0.600;0.300;110;1004553.000;20.000;236.970;1004085;1004881
9;1.000;1.000;0.300;110;1004598.000;28.000;202.518;1004433;1005024
9;1.400;1.400;0.300;110;1004560.000;22.000;229.304;1004404;1004991
9;1.400;1.000;0.300;60;1004761.500;65.000;172.872;1004592;1005091
9;1.400;1.400;0.500;60;1004813.500;75.500;256.891;1004406;1005192
9;1.000;1.000;0.700;60;1004790.000;71.500;201.002;1004618;1005246
9;1.800;0.600;0.300;85;1004435.500;12.000;252.293;1004060;1004909
9;1.400;1.400;0.300;85;1004586.500;40.500;249.259;1004396;1005040
9;1.800;1.400;0.700;60;1004423.500;15.500;480.964;1004249;1005649
9;1.800;0.600;0.500;85;1004386.500;10.000;177.801;1003962;1004545
9;1.000;1.400;0.700;110;1004528.000;35.000;149.234;1004295;1004694
9;1.000;1.000;0.500;60;1004753.000;77.000;243.165;1004317;1005001
9;1.800;1.000;0.500;110;1004584.000;49.000;530.830;1003779;1005212
9;1.800;0.600;0.700;110;1004352.000;9.000;155.706;1004161;1004627
9;1.400;1.400;0.500;110;1004687.500;68.500;262.667;1004525;1005457
9;1.000;1.000;0.700;85;1004686.500;72.000;155.899;1004411;1004908
9;1.400;1.400;0.700;60;1004584.500;56.000;190.842;1004413;1004987
9;1.800;0.600;0.500;60;1004316.000;9.500;186.242;1004104;1004718
9;1.800;1.400;0.300;110;1004562.000;57.000;224.033;1004336;1005155
9;1.400;0.600;0.300;60;1004852.500;109.000;666.486;1004063;1006435
9;1.800;0.600;0.500;110;1004288.500;11.000;196.017;1004050;1004735
9;1.800;0.600;0.700;85;1004281.500;11.500;236.244;1003995;1004848
9;1.000;1.400;0.300;85;1004317.500;19.500;114.704;1004081;1004446
9;1.800;0.600;0.700;60;1004226.500;15.000;294.695;1003749;1004747
9;1.000;1.400;0.500;60;1004340.000;35.000;146.133;1004148;1004657
9;1.800;0.600;0.300;60;1004251.000;20.500;293.972;1003933;1004869
9;1.000;1.400;0.700;85;1004380.000;46.500;102.857;1004210;1004547
9;1.000;1.400;0.700;60;1004313.500;35.500;201.357;1004109;1004683
9;1.000;1.400;0.300;110;1004294.000;37.500;143.406;1004167;1004615
9;1.000;1.400;0.500;110;1004411.000;58.500;141.305;1004211;1004676
9;1.000;1.400;0.500;85;1004364.000;54.500;206.714;1004215;1004798
9;1.000;1.400;0.300;60;1004300.500;48.500;105.920;1004174;1004508
9;1.800;1.000;0.300;60;1004091.000;37.000;934.160;1003684;1006546
10;1.400;0.600;0.450;120;1005421.500;85.000;541.659;1004327;1006131
10;1.800;1.000;0.450;70;1005130.500;40.500;620.940;1004030;1006213
10;1.400;0.600;0.450;70;1005021.500;17.000;501.799;1004183;1005612
10;1.400;0.600;0.450;95;1005400.000;116.500;546.977;1004345;1005836
10;1.400;1.000;0.250;95;1005052.500;49.500;295.327;1004637;1005501
10;1.400;0.600;0.650;95;1005054.500;53.000;592.412;1004481;1005972
10;1.000;0.600;0.250;120;1005016.000;46.000;293.635;1004707;1005595
10;1.400;0.600;0.250;95;1005195.000;89.000;573.817;1004684;1006437
10;1.400;1.000;0.250;120;1005019.500;55.500;293.355;1004900;1005767
10;1.000;0.600;0.650;95;1004918.000;36.000;294.027;1004452;1005264
10;1.800;1.000;0.650;95;1005081.500;74.000;451.583;1004294;1005822
10;1.000;0.600;0.650;120;1004944.500;44.000;224.364;1004667;1005390
10;1.800;1.000;0.450;120;1004976.000;52.000;685.274;1003974;1005829
10;1.000;0.600;0.250;95;1005009.500;63.000;168.462;1004791;1005323
10;1.000;0.600;0.450;120;1004896.500;38.000;226.852;1004616;1005452
10;1.800;1.400;0.250;95;1004832.000;23.500;268.853;1004515;1005298
10;1.400;1.000;0.450;70;1004992.500;62.500;231.231;1004629;1005219
10;1.000;1.000;0.450;120;1004855.500;38.000;233.443;1004559;1005319
10;1.400;0.600;0.650;120;1004931.000;55.500;552.543;1004362;1006352
10;1.400;1.000;0.450;95;1004932.500;58.000;375.729;1004589;1005963
10;1.400;1.000;0.650;120;1004861.500;42.000;206.304;1004649;1005239
10;1.400;1.000;0.250;70;1004930.000;58.500;234.071;1004716;1005475
10;1.800;1.000;0.250;70;1004891.500;51.000;621.779;1003992;1005674
10;1.800;1.000;0.650;70;1004965.000;68.000;621.174;1003974;1005953
10;1.800;1.000;0.250;120;1005209.000;124.500;456.722;1004339;1006049
10;1.400;0.600;0.250;120;1004966.000;69.500;675.592;1004175;1006147
10;1.000;0.600;0.450;70;1004824.500;39.500;169.544;1004643;1005076
10;1.000;0.600;0.650;70;1004865.000;51.000;306.576;1004668;1005708
10;1.000;0.600;0.450;95;1004856.000;52.000;160.301;1004629;1005080
10;1.800;1.000;0.250;95;1005111.000;111.500;540.687;1004400;1005803
10;1.400;1.000;0.450;120;1004768.500;34.500;245.813;1004539;1005344
10;1.400;0.600;0.650;70;1004793.500;45.500;292.206;1004232;1005134
10;1.000;1.000;0.250;95;1004764.000;39.000;227.248;1004435;1005146
10;1.800;1.400;0.450;120;1004673.000;19.500;125.802;1004535;1004997
10;1.400;1.400;0.250;120;1004780.000;44.500;160.610;1004648;1005206
10;1.400;1.400;0.450;120;1004791.000;48.500;204.810;1004392;1005091
10;1.800;1.400;0.250;120;1004687.500;25.000;257.163;1004521;1005395
10;1.000;1.000;0.250;70;1004816.500;55.000;123.813;1004649;1005045
10;1.000;0.600;0.250;70;1004887.000;72.500;146.873;1004633;1005045
10;1.400;1.000;0.650;70;1004789.000;50.000;163.852;1004565;1005102
10;1.400;1.400;0.250;95;1004743.000;39.500;181.701;1004432;1005064
10;1.800;1.400;0.250;70;1004723.500;36.500;214.868;1004456;1005014
10;1.400;1.000;0.650;95;1004860.500;70.000;235.860;1004412;1005093
10;1.800;1.400;0.450;70;1004658.000;23.500;328.971;1004329;1005346
10;1.000;1.000;0.450;95;1004715.500;38.000;209.889;1004391;1005033
10;1.400;1.400;0.450;95;1004775.000;54.000;210.932;1004421;1005107
10;1.000;1.000;0.650;70;1004826.000;68.000;244.224;1004547;1005353
10;1.800;1.000;0.650;120;1004719.000;47.000;480.644;1004063;1005546
10;1.400;1.400;0.650;120;1004733.500;54.000;127.700;1004537;1004955
10;1.800;1.400;0.650;120;1004640.000;33.500;176.240;1004480;1005004
10;1.400;1.400;0.650;70;1004707.000;49.500;282.089;1004541;1005527
10;1.000;1.000;0.650;120;1004651.500;38.000;111.830;1004564;1004897
10;1.800;0.600;0.250;95;1004517.500;10.500;254.491;1004104;1004980
10;1.000;1.000;0.450;70;1004644.000;40.000;215.663;1004387;1005180
10;1.400;1.400;0.650;95;1004698.500;53.000;228.128;1004459;1005339
10;1.800;1.000;0.450;95;1004705.000;55.000;569.237;1004130;1006232
10;1.400;1.400;0.250;70;1004754.000;67.000;248.306;1004397;1005190
10;1.400;1.400;0.450;70;1004742.500;64.500;191.098;1004434;1004986
10;1.000;1.000;0.650;95;1004718.500;61.500;211.550;1004560;1005242
10;1.000;1.000;0.250;120;1004719.000;64.500;239.743;1004590;1005429
10;1.800;0.600;0.250;120;1004478.000;9.500;289.081;1003900;1004753
10;1.800;0.600;0.450;120;1004474.000;9.500;197.152;1004158;1004714
10;1.800;1.400;0.650;70;1004616.000;43.000;247.930;1004287;1005251
10;1.800;1.400;0.450;95;1004620.000;45.000;184.770;1004280;1004835
10;1.400;0.600;0.250;70;1004472.000;12.000;294.758;1004099;1005092
10;1.800;0.600;0.450;70;1004429.000;14.000;264.664;1004033;1004883
10;1.000;1.400;0.250;120;1004453.500;30.500;239.442;1004177;1004934
10;1.800;0.600;0.650;120;1004349.500;7.500;290.582;1003967;1004985
10;1.800;0.600;0.450;95;1004330.500;7.000;357.065;1004019;1005086
10;1.800;1.400;0.650;95;1004473.500;40.500;193.664;1004293;1004941
10;1.000;1.400;0.650;120;1004413.500;32.000;143.706;1004244;1004732
10;1.800;0.600;0.650;95;1004304.500;11.500;321.129;1003998;1005032
10;1.000;1.400;0.250;70;1004373.500;37.000;158.376;1004020;1004615
10;1.800;0.600;0.650;70;1004219.500;5.500;201.639;1003936;1004616
10;1.000;1.400;0.450;95;1004337.000;37.000;165.525;1004127;1004664
10;1.800;0.600;0.250;70;1004302.000;30.500;235.144;1003825;1004610
10;1.000;1.400;0.650;70;1004295.000;35.500;218.592;1004092;1004872
10;1.000;1.400;0.250;95;1004326.500;52.500;105.304;1004139;1004469
10;1.000;1.400;0.650;95;1004337.000;58.000;118.081;1004136;1004479
10;1.000;1.400;0.450;70;1004239.000;45.000;157.184;1004139;1004615
10;1.000;1.400;0.450;120;1004402.000;85.000;154.952;1004285;1004772
11;1.400;0.600;0.650;135;1005554.000;69.500;632.355;1004435;1006308
11;1.400;1.000;0.650;110;1005110.500;44.000;344.322;1004336;1005578
11;1.800;1.400;0.450;110;1004909.000;17.000;355.623;1004368;1005342
11;1.400;0.600;0.250;110;1005398.500;101.000;389.655;1004538;1005856
11;1.400;0.600;0.450;135;1005185.000;72.000;486.576;1004901;1006327
11;1.400;0.600;0.450;110;1005176.500;72.500;363.684;1004434;1005721
11;1.400;1.000;0.650;135;1005008.000;45.000;463.121;1004403;1006117
11;1.800;1.000;0.250;85;1005066.000;55.500;600.336;1004180;1005810
11;1.400;1.000;0.450;110;1004895.500;27.500;255.655;1004507;1005381
11;1.400;1.000;0.650;85;1005002.000;46.000;234.845;1004444;1005222
11;1.400;0.600;0.650;85;1005078.500;61.500;473.772;1004155;1005646
11;1.400;0.600;0.250;135;1005235.000;89.000;366.502;1004647;1005644
11;1.800;1.000;0.450;135;1005110.000;69.500;525.164;1004159;1006040
11;1.400;1.000;0.250;85;1005033.500;57.000;216.880;1004614;1005312
11;1.400;0.600;0.250;85;1004977.500;47.500;415.683;1004360;1005705
11;1.800;1.000;0.650;110;1005034.000;57.500;417.947;1004083;1005559
11;1.400;1.000;0.250;135;1005039.000;62.500;242.237;1004601;1005365
11;1.000;0.600;0.450;135;1004876.000;38.000;241.575;1004585;1005514
11;1.400;1.000;0.250;110;1004847.500;34.500;320.890;1004607;1005665
11;1.000;0.600;0.450;110;1004938.000;50.500;170.779;1004723;1005286
11;1.000;1.000;0.250;110;1004859.000;37.500;175.013;1004547;1005115
11;1.000;1.000;0.650;85;1004721.000;15.000;179.838;1004401;1005022
11;1.000;1.000;0.650;135;1004793.500;31.500;205.914;1004546;1005229
11;1.800;1.000;0.250;135;1004932.000;56.500;427.475;1004236;1005547
11;1.800;1.400;0.650;110;1004738.000;24.000;201.166;1004443;1005062
11;1.000;0.600;0.650;135;1004999.000;69.000;170.392;1004689;1005200
11;1.400;1.000;0.450;85;1004809.000;37.000;194.505;1004678;1005139
11;1.400;1.000;0.450;135;1004964.500;67.000;274.697;1004752;1005473
11;1.400;0.600;0.650;110;1004893.000;56.500;403.567;1004474;1005637
11;1.000;0.600;0.250;135;1004947.000;66.500;198.352;1004531;1005248
11;1.000;0.600;0.250;85;1004841.000;49.000;342.646;1004564;1005714
11;1.800;1.000;0.650;135;1004789.000;40.500;557.263;1003907;1006066
11;1.000;0.600;0.650;110;1004834.500;50.000;175.693;1004581;1005107
11;1.400;1.400;0.650;135;1004706.000;30.500;169.638;1004624;1005198
11;1.800;1.400;0.450;135;1004657.000;23.000;152.144;1004500;1005002
11;1.000;1.000;0.650;110;1004759.000;41.500;145.950;1004571;1005136
11;1.800;1.400;0.650;85;1004598.000;15.500;162.909;1004337;1004776
11;1.800;1.400;0.250;135;1004648.000;25.000;145.496;1004334;1004804
11;1.000;0.600;0.650;85;1004854.500;60.500;124.393;1004669;1005078
11;1.800;1.400;0.650;135;1004587.000;15.000;143.625;1004446;1004884
11;1.400;1.400;0.450;85;1004710.000;36.000;125.438;1004509;1004904
11;1.800;1.000;0.250;110;1004833.000;57.000;520.830;1003945;1005739
11;1.000;1.000;0.250;85;1004805.500;52.500;248.933;1004518;1005245
11;1.400;1.400;0.250;135;1004758.500;44.500;207.314;1004509;1005069
11;1.400;1.400;0.650;110;1004740.000;41.500;203.735;1004320;1005028
11;1.000;1.000;0.450;85;1004703.000;37.500;249.475;1004290;1005146
11;1.400;0.600;0.450;85;1004988.500;87.000;631.480;1004022;1005941
11;1.000;1.000;0.450;110;1004624.000;25.500;122.605;1004470;1004831
11;1.800;1.400;0.250;110;1004605.000;24.000;246.025;1004415;1005237
11;1.000;1.000;0.250;135;1004803.500;61.500;146.402;1004484;1004921
11;1.800;0.600;0.250;135;1004474.500;7.500;237.683;1004312;1005141
11;1.400;1.400;0.450;110;1004801.000;63.500;112.958;1004637;1004993
11;1.800;1.000;0.450;110;1004905.000;82.000;294.614;1004378;1005323
11;1.400;1.400;0.450;135;1004781.000;62.000;119.274;1004651;1005023
11;1.000;0.600;0.250;110;1004833.500;73.500;94.459;1004678;1004939
11;1.800;1.400;0.250;85;1004604.500;34.500;180.643;1004374;1004946
11;1.400;1.400;0.650;85;1004739.500;58.000;199.289;1004545;1005088
11;1.800;0.600;0.250;110;1004508.500;19.000;172.923;1004346;1004891
11;1.000;0.600;0.450;85;1004860.000;80.000;263.075;1004621;1005344
11;1.000;1.000;0.450;135;1004675.000;53.000;126.365;1004513;1004894
11;1.800;0.600;0.250;85;1004445.500;17.500;255.078;1003866;1004736
11;1.800;1.000;0.650;85;1004550.000;36.500;642.334;1003688;1005667
11;1.800;1.400;0.450;85;1004608.500;53.500;239.481;1004203;1005017
11;1.800;1.000;0.450;85;1004721.500;73.000;531.866;1003878;1005549
11;1.400;1.400;0.250;110;1004603.000;53.000;209.449;1004408;1005017
11;1.800;0.600;0.650;135;1004323.000;6.000;278.359;1004032;1004911
11;1.800;0.600;0.450;110;1004323.500;8.500;275.458;1003971;1004990
11;1.400;1.400;0.250;85;1004633.500;62.500;182.043;1004380;1004999
11;1.800;0.600;0.450;135;1004322.000;10.000;184.624;1004165;1004795
11;1.800;0.600;0.650;85;1004358.000;19.000;198.956;1004033;1004592
11;1.800;0.600;0.650;110;1004254.500;7.000;254.496;1004180;1004811
11;1.000;1.400;0.450;135;1004354.500;25.500;153.523;1004161;1004644
11;1.800;0.600;0.450;85;1004254.000;12.500;198.447;1004068;1004757
11;1.000;1.400;0.650;85;1004331.500;28.000;72.385;1004232;1004441
11;1.000;1.400;0.450;110;1004370.500;40.500;152.438;1004255;1004771
11;1.000;1.400;0.250;85;1004408.000;47.500;186.875;1004233;1004841
11;1.000;1.400;0.250;110;1004311.500;33.000;84.806;1004260;1004480
11;1.000;1.400;0.450;85;1004339.000;39.500;165.575;1004195;1004662
11;1.000;1.400;0.650;110;1004331.500;46.000;260.755;1004178;1005080
11;1.000;1.400;0.250;135;1004437.000;68.000;138.309;1004313;1004814
11;1.000;1.400;0.650;135;1004468.000;90.500;177.527;1004275;1004877
12;1.400;0.800;0.650;110;1005258.000;35.500;334.541;1004832;1005812
12;1.400;1.200;0.450;180;1005237.000;44.500;249.834;1004774;1005619
12;1.400;0.800;0.450;145;1005223.500;48.000;367.909;1004807;1005773
12;1.400;0.800;0.650;145;1005258.500;56.000;199.836;1004958;1005495
12;1.400;0.800;0.650;180;1005199.000;46.500;365.346;1004734;1005867
12;1.400;0.800;0.250;180;1005133.000;38.000;179.392;1004966;1005598
12;1.400;0.800;0.450;110;1005264.500;62.500;369.539;1004745;1005926
12;1.400;0.800;0.450;180;1005074.000;32.000;154.012;1004904;1005393
12;1.400;0.800;0.250;145;1005101.500;43.500;196.026;1004958;1005572
12;1.400;1.200;0.650;145;1005049.500;36.500;205.496;1004671;1005309
12;1.400;0.800;0.250;110;1005098.000;54.500;205.836;1004946;1005510
12;1.000;0.800;0.450;145;1005105.500;56.500;231.380;1004637;1005213
12;1.000;0.800;0.250;180;1004928.000;29.500;187.290;1004618;1005125
12;1.400;1.200;0.450;145;1005043.500;53.500;236.300;1004721;1005492
12;1.000;0.400;0.650;110;1004903.000;33.500;179.889;1004624;1005147
12;1.000;0.800;0.650;145;1004878.500;32.000;182.786;1004577;1005141
12;1.400;1.200;0.650;180;1005002.500;53.500;108.515;1004893;1005265
12;1.000;0.800;0.450;180;1004943.500;49.000;146.279;1004743;1005154
12;1.000;0.800;0.650;180;1004881.500;39.000;287.671;1004715;1005674
12;1.400;1.200;0.650;110;1005101.000;76.000;177.266;1004760;1005455
12;1.400;1.200;0.250;180;1004999.000;60.000;223.764;1004639;1005217
12;1.400;1.200;0.450;110;1004955.500;56.000;224.658;1004767;1005419
12;1.000;0.800;0.650;110;1004919.000;50.000;175.437;1004605;1005125
12;1.000;0.400;0.650;180;1004977.000;61.500;233.450;1004688;1005461
12;1.400;1.200;0.250;110;1004967.500;60.000;171.531;1004872;1005306
12;1.000;0.400;0.250;180;1004798.500;33.500;255.875;1004455;1005319
12;1.000;0.800;0.250;145;1004994.000;69.500;185.587;1004677;1005354
12;1.400;1.200;0.250;145;1004890.500;55.000;162.314;1004612;1005045
12;1.000;1.200;0.250;145;1004737.500;30.000;236.010;1004405;1005251
12;1.000;0.400;0.450;180;1004730.000;34.000;265.915;1004548;1005410
12;1.000;0.800;0.450;110;1004747.000;38.500;232.606;1004605;1005256
12;1.000;0.800;0.250;110;1004843.500;57.000;195.795;1004619;1005244
12;1.400;0.400;0.250;110;1004697.500;33.500;294.960;1004194;1005280
12;1.400;0.400;0.650;180;1004545.500;10.000;240.892;1004271;1005037
12;1.400;0.400;0.650;145;1004544.500;11.000;178.794;1004143;1004761
12;1.000;0.400;0.450;145;1004773.000;52.500;161.022;1004635;1005078
12;1.400;0.400;0.650;110;1004541.000;15.500;392.048;1004211;1005533
12;1.000;0.400;0.650;145;1004841.000;67.500;223.621;1004477;1005346
12;1.000;0.400;0.450;110;1004768.500;56.000;252.986;1004513;1005364
12;1.400;0.400;0.450;180;1004499.500;13.000;121.178;1004281;1004650
12;1.000;0.400;0.250;110;1004930.500;87.500;190.646;1004441;1005087
12;0.600;0.800;0.650;110;1004553.000;24.500;228.979;1004239;1004879
12;1.000;1.200;0.650;145;1004532.500;22.000;182.058;1004333;1004894
12;1.000;1.200;0.450;180;1004647.500;43.500;148.263;1004397;1004947
12;1.400;0.400;0.250;180;1004428.500;11.500;228.500;1004177;1004854
12;0.600;0.800;0.450;180;1004592.000;39.500;127.522;1004494;1004910
12;0.600;0.800;0.250;180;1004604.000;43.500;120.117;1004486;1004844
12;1.000;1.200;0.450;145;1004790.000;76.000;182.320;1004457;1005002
12;1.000;1.200;0.650;180;1004659.000;55.000;149.497;1004567;1005026
12;1.400;0.400;0.450;145;1004438.500;21.000;179.204;1004142;1004730
12;0.600;0.800;0.650;145;1004511.500;33.500;307.035;1004238;1005173
12;1.000;1.200;0.450;110;1004508.000;35.500;163.115;1004326;1004821
12;1.000;1.200;0.250;180;1004624.000;59.500;147.534;1004397;1004866
12;1.400;0.400;0.450;110;1004328.000;10.000;224.617;1004184;1004865
12;1.400;0.400;0.250;145;1004424.000;27.000;163.151;1004251;1004789
12;1.000;0.400;0.250;145;1004716.000;76.000;221.643;1004425;1005202
12;1.000;1.200;0.650;110;1004476.500;38.500;107.145;1004343;1004672
12;0.600;0.800;0.250;145;1004488.000;41.500;156.078;1004236;1004756
12;0.600;0.800;0.450;110;1004533.000;52.500;109.285;1004389;1004723
12;1.000;1.200;0.250;110;1004495.500;51.500;141.079;1004352;1004833
12;0.600;0.800;0.250;110;1004489.000;53.500;105.512;1004238;1004570
12;0.600;0.800;0.450;145;1004384.000;36.500;161.178;1004239;1004803
12;0.600;0.400;0.250;180;1004417.000;46.500;316.738;1004022;1004910
12;0.600;1.200;0.450;110;1004331.500;32.500;188.258;1004103;1004748
12;0.600;0.400;0.650;180;1004387.500;43.000;179.302;1004068;1004631
12;0.600;1.200;0.450;145;1004279.000;27.000;131.339;1004001;1004460
12;0.600;1.200;0.250;145;1004366.500;43.000;135.441;1004182;1004619
12;0.600;0.800;0.650;180;1004575.500;87.500;291.310;1004475;1005195
12;0.600;0.400;0.450;180;1004321.500;47.000;156.650;1004195;1004715
12;0.600;0.400;0.650;145;1004388.000;62.000;227.299;1004127;1004946
12;0.600;0.400;0.250;145;1004185.500;28.500;276.327;1003932;1004886
12;0.600;1.200;0.650;180;1004331.000;55.000;182.005;1004133;1004677
12;0.600;0.400;0.650;110;1004269.500;46.000;145.516;1004114;1004613
12;0.600;1.200;0.450;180;1004341.000;60.500;119.776;1004067;1004448
12;0.600;1.200;0.250;180;1004374.500;66.500;164.478;1004155;1004617
12;0.600;1.200;0.650;110;1004247.000;49.500;132.468;1004087;1004548
12;0.600;1.200;0.650;145;1004319.000;63.000;141.114;1004144;1004615
12;0.600;1.200;0.250;110;1004232.000;53.000;104.322;1004073;1004467
12;0.600;0.400;0.450;110;1004244.500;56.500;193.032;1004023;1004575
12;0.600;0.400;0.250;110;1004258.500;61.000;308.498;1003800;1004838
12;0.600;0.400;0.450;145;1004269.000;72.000;285.988;1004019;1004898
13;1.700;1.000;0.350;95;1005745.000;63.500;411.167;1004853;1006020
13;1.700;1.000;0.500;95;1005541.000;52.000;450.558;1004873;1006467
13;1.400;0.700;0.650;95;1005561.500;55.000;404.485;1004954;1006330
13;1.400;0.700;0.350;135;1005786.000;84.500;475.447;1005128;1006305
13;1.700;1.000;0.650;110;1005484.000;47.500;393.995;1004916;1006222
13;1.400;0.700;0.650;135;1005712.500;78.500;220.655;1005323;1006148
13;1.400;0.700;0.500;135;1005602.000;74.500;308.865;1005143;1006134
13;1.400;0.700;0.500;110;1005424.500;53.500;372.345;1005134;1006432
13;1.700;1.000;0.650;95;1005503.000;64.000;238.907;1005261;1005996
13;1.700;1.000;0.650;135;1005550.000;72.000;373.876;1004939;1006065
13;1.700;1.000;0.350;135;1005494.500;68.500;437.276;1004643;1006045
13;1.400;0.700;0.500;95;1005305.500;46.000;371.733;1004922;1006184
13;1.400;0.700;0.350;95;1005603.000;86.000;343.291;1004832;1005980
13;1.700;1.000;0.500;135;1005344.000;53.000;277.979;1005087;1005988
13;1.400;0.700;0.650;110;1005569.500;88.500;296.449;1005152;1006232
13;1.700;1.000;0.350;110;1005566.000;94.000;401.564;1004864;1006197
13;1.100;0.700;0.500;95;1005170.000;44.500;144.452;1004901;1005319
13;1.400;0.700;0.350;110;1005462.000;83.000;344.753;1005166;1006138
13;1.400;1.000;0.500;110;1005034.000;28.000;227.708;1004744;1005449
13;1.700;1.000;0.500;110;1005311.500;66.500;321.435;1005067;1006060
13;1.100;0.700;0.350;95;1004964.000;22.500;238.140;1004676;1005451
13;1.400;1.000;0.350;135;1004991.500;31.000;236.066;1004593;1005330
13;1.100;0.700;0.650;95;1005069.000;44.500;207.079;1004595;1005300
13;1.100;0.700;0.350;135;1005069.000;48.000;173.080;1004662;1005317
13;1.100;0.700;0.350;110;1005109.000;54.000;182.910;1004714;1005244
13;1.100;0.700;0.500;110;1005194.000;68.500;317.506;1004620;1005591
13;1.700;1.300;0.650;95;1004773.500;17.000;254.559;1004441;1005308
13;1.400;1.300;0.350;135;1004985.000;46.500;171.894;1004672;1005217
13;1.400;1.000;0.650;110;1004918.500;38.500;254.818;1004505;1005339
13;1.700;1.300;0.350;135;1004730.000;16.500;188.302;1004404;1004991
13;1.100;0.700;0.650;110;1004981.500;50.500;294.057;1004815;1005776
13;1.100;1.000;0.650;135;1004862.500;36.500;196.357;1004736;1005357
13;1.700;1.300;0.500;95;1004705.000;17.000;150.519;1004413;1004827
13;1.400;1.300;0.500;110;1005070.000;65.000;264.358;1004696;1005486
13;1.400;1.300;0.500;95;1004926.000;48.000;188.803;1004525;1005186
13;1.400;1.000;0.500;135;1004770.000;29.000;150.631;1004667;1005072
13;1.400;1.300;0.650;135;1004813.500;35.000;253.841;1004486;1005230
13;1.700;1.300;0.350;110;1004726.000;26.000;261.595;1004421;1005396
13;1.100;0.700;0.500;135;1005015.500;65.500;167.347;1004784;1005286
13;1.400;1.000;0.650;135;1005074.500;73.500;246.258;1004759;1005561
13;1.400;1.000;0.500;95;1004875.000;47.500;259.072;1004595;1005500
13;1.700;1.300;0.650;110;1004735.500;32.000;257.420;1004216;1005198
13;1.100;1.000;0.350;95;1004847.000;47.000;190.572;1004597;1005149
13;1.100;1.000;0.500;95;1004960.000;62.000;349.073;1004620;1005799
13;1.100;1.000;0.650;95;1004773.000;38.000;262.727;1004572;1005413
13;1.700;1.300;0.500;110;1004551.000;9.500;206.625;1004302;1004872
13;1.700;1.300;0.650;135;1004676.000;26.000;192.889;1004444;1004976
13;1.100;1.000;0.650;110;1004974.000;65.500;179.967;1004709;1005268
13;1.400;1.000;0.650;95;1004732.500;36.000;233.481;1004465;1005163
13;1.400;1.300;0.650;95;1004880.500;55.500;158.926;1004590;1005194
13;1.700;1.300;0.500;135;1004767.500;41.000;298.138;1004432;1005508
13;1.400;1.300;0.500;135;1004817.000;47.500;199.575;1004704;1005252
13;1.400;1.000;0.350;110;1004992.000;71.000;150.644;1004847;1005302
13;1.700;1.300;0.350;95;1004579.500;18.000;205.745;1004381;1005094
13;1.100;1.000;0.350;135;1004889.500;59.000;215.988;1004547;1005282
13;1.400;1.300;0.350;110;1004812.000;49.500;158.119;1004581;1005048
13;1.400;1.000;0.350;95;1004975.000;71.500;284.532;1004466;1005440
13;1.100;0.700;0.650;135;1005024.000;79.000;172.755;1004888;1005522
13;1.400;1.300;0.650;110;1004804.500;52.000;170.853;1004595;1005127
13;1.100;1.000;0.500;135;1004892.500;63.500;235.784;1004630;1005368
13;1.100;1.000;0.500;110;1004859.500;63.000;103.442;1004677;1005029
13;1.700;0.700;0.350;95;1004436.000;10.500;417.343;1003967;1005474
13;1.100;1.300;0.650;110;1004589.000;31.000;188.423;1004391;1005006
13;1.700;0.700;0.350;135;1004386.000;4.500;253.725;1003969;1004915
13;1.100;1.300;0.500;110;1004543.500;28.500;212.151;1004246;1004891
13;1.700;0.700;0.500;95;1004370.000;6.000;383.310;1004112;1005245
13;1.700;0.700;0.650;110;1004362.000;5.000;289.572;1003964;1004875
13;1.100;1.300;0.350;110;1004570.500;36.000;224.740;1004360;1005019
13;1.700;0.700;0.500;135;1004404.000;15.500;375.475;1004104;1005425
13;1.700;0.700;0.650;135;1004313.500;4.000;271.001;1003759;1004568
13;1.700;0.700;0.500;110;1004276.000;5.000;310.427;1003923;1004961
13;1.100;1.300;0.650;135;1004596.500;49.500;171.189;1004251;1004845
13;1.400;1.300;0.350;95;1004684.500;62.000;162.299;1004528;1004982
13;1.100;1.300;0.650;95;1004578.500;51.000;243.353;1004283;1005032
13;1.100;1.300;0.350;95;1004585.000;52.000;110.869;1004403;1004726
13;1.700;0.700;0.350;110;1004269.000;12.000;274.089;1003951;1004858
13;1.100;1.000;0.350;110;1004703.000;72.500;134.544;1004613;1005020
13;1.700;0.700;0.650;95;1004179.000;7.500;191.315;1003793;1004467
13;1.100;1.300;0.350;135;1004707.000;80.000;206.711;1004385;1005002
13;1.100;1.300;0.500;135;1004389.500;39.500;192.502;1004289;1004796
13;1.100;1.300;0.500;95;1004502.500;56.000;99.980;1004260;1004601
14;1.400;0.650;0.470;125;1005916.000;96.500;428.922;1004988;1006146
14;1.400;0.650;0.570;140;1005712.500;72.500;641.198;1004190;1006336
14;1.400;0.650;0.370;125;1005936.500;110.500;528.452;1004783;1006625
14;1.400;0.650;0.470;110;1005694.500;90.500;741.857;1004208;1006857
14;1.400;0.650;0.470;140;1005696.000;91.000;401.635;1005205;1006346
14;1.400;0.650;0.570;110;1005395.000;51.500;325.136;1004775;1005802
14;1.200;0.650;0.370;140;1005237.500;30.000;268.549;1004719;1005568
14;1.400;0.650;0.370;140;1005720.500;110.500;419.224;1005100;1006202
14;1.200;0.800;0.470;140;1005327.500;48.000;529.873;1004719;1006459
14;1.400;0.800;0.470;140;1005258.500;37.000;232.986;1004832;1005496
14;1.400;0.800;0.570;125;1005269.000;40.000;366.288;1004733;1005732
14;1.400;0.800;0.370;110;1005207.000;30.000;244.262;1004870;1005560
14;1.400;0.650;0.570;125;1005311.000;53.500;328.148;1005141;1006026
14;1.400;0.800;0.570;110;1005204.000;36.500;272.672;1004924;1005771
14;1.200;0.500;0.470;125;1005445.000;82.000;211.375;1004987;1005728
14;1.200;0.500;0.470;140;1005254.000;50.500;184.494;1004935;1005573
14;1.400;0.650;0.370;110;1005472.000;88.000;344.307;1005099;1006155
14;1.200;0.500;0.470;110;1005161.500;37.500;229.702;1004892;1005764
14;1.400;0.800;0.470;125;1005120.500;31.000;289.876;1004814;1005848
14;1.400;0.800;0.570;140;1005150.500;37.500;143.798;1004966;1005390
14;1.200;0.800;0.370;125;1005114.500;33.500;254.538;1004818;1005455
14;1.200;0.500;0.370;110;1005156.000;41.000;234.575;1004872;1005600
14;1.400;0.800;0.370;125;1005144.000;41.000;282.438;1004881;1005661
14;1.400;0.800;0.370;140;1005134.000;39.500;280.629;1004957;1005763
14;1.200;0.650;0.570;140;1005187.500;49.000;193.549;1004927;1005494
14;1.200;0.500;0.570;125;1005137.000;44.000;222.048;1004798;1005607
14;1.200;0.650;0.570;110;1005231.000;60.000;192.353;1004895;1005552
14;1.200;0.800;0.570;125;1005116.500;42.500;199.950;1004643;1005362
14;1.200;0.800;0.570;140;1005337.500;80.500;232.172;1005043;1005761
14;1.200;0.800;0.570;110;1005224.500;64.000;307.784;1004982;1006036
14;1.400;0.800;0.470;110;1005213.500;64.000;301.207;1004835;1005763
14;1.200;0.500;0.570;110;1005190.000;61.000;191.515;1004732;1005453
14;1.200;0.650;0.470;110;1005095.000;48.000;129.090;1004827;1005232
14;1.200;0.650;0.470;140;1005081.000;46.000;240.917;1004709;1005558
14;1.200;0.500;0.370;125;1005135.000;55.500;317.345;1005014;1005931
14;1.200;0.500;0.370;140;1005161.500;61.000;196.202;1005044;1005603
14;1.200;0.650;0.370;110;1005024.000;41.500;268.320;1004753;1005572
14;1.600;0.800;0.570;110;1004966.500;37.000;510.726;1004228;1005947
14;1.200;0.800;0.370;140;1005035.000;48.500;145.726;1004760;1005215
14;1.200;0.650;0.470;125;1004994.500;43.500;200.190;1004724;1005430
14;1.600;0.800;0.470;140;1005070.000;58.000;512.595;1004044;1005765
14;1.200;0.500;0.570;140;1005107.000;64.500;185.140;1004710;1005348
14;1.600;0.800;0.370;140;1005240.500;87.500;620.084;1004129;1005796
14;1.200;0.650;0.570;125;1005185.000;80.000;200.795;1004881;1005544
14;1.200;0.800;0.370;110;1005181.500;90.500;168.096;1005016;1005544
14;1.600;0.800;0.570;140;1004957.000;55.500;534.594;1004106;1005577
14;1.600;0.800;0.470;110;1004880.000;45.000;404.288;1003896;1005413
14;1.600;0.800;0.370;110;1005106.000;82.500;446.782;1004107;1005623
14;1.400;0.500;0.570;140;1004647.000;8.500;298.227;1004245;1005142
14;1.200;0.650;0.370;125;1005106.500;84.500;271.292;1004833;1005707
14;1.200;0.800;0.470;110;1004976.500;64.000;316.091;1004719;1005677
14;1.600;0.800;0.570;125;1005118.000;88.500;702.079;1004067;1006235
14;1.200;0.800;0.470;125;1005138.500;96.000;344.452;1004789;1005977
14;1.400;0.500;0.570;110;1004642.000;16.500;414.116;1004381;1005776
14;1.400;0.500;0.470;140;1004617.000;15.000;228.171;1004251;1004840
14;1.600;0.800;0.370;125;1004898.000;62.500;436.485;1004465;1005559
14;1.600;0.650;0.570;125;1004570.500;11.000;406.502;1004166;1005432
14;1.400;0.500;0.370;140;1004535.000;16.000;263.176;1004122;1004994
14;1.400;0.500;0.470;125;1004519.000;14.500;238.965;1004134;1004878
14;1.400;0.500;0.370;110;1004503.000;12.000;379.999;1004299;1005307
14;1.600;0.650;0.570;110;1004458.000;5.000;254.741;1004183;1004947
14;1.400;0.500;0.570;125;1004643.000;36.500;357.011;1004203;1005322
14;1.600;0.500;0.470;110;1004465.500;9.000;185.624;1004120;1004784
14;1.600;0.500;0.370;125;1004477.500;11.500;161.281;1004298;1004760
14;1.600;0.500;0.470;140;1004449.500;7.500;187.728;1004109;1004735
14;1.600;0.650;0.470;125;1004584.000;30.000;421.576;1004345;1005475
14;1.600;0.650;0.570;140;1004535.500;24.000;396.506;1004070;1005267
14;1.600;0.650;0.370;110;1004452.500;12.000;469.406;1004029;1005577
14;1.600;0.650;0.470;140;1004406.000;4.500;253.178;1004144;1004938
14;1.600;0.800;0.470;125;1005095.500;119.000;285.965;1004813;1005749
14;1.600;0.500;0.570;125;1004419.000;10.000;185.546;1004093;1004691
14;1.600;0.500;0.370;110;1004413.000;10.500;227.379;1004191;1004869
14;1.600;0.650;0.370;140;1004370.500;4.000;323.271;1004036;1005116
14;1.400;0.500;0.470;110;1004430.000;14.000;425.458;1004061;1005441
14;1.600;0.500;0.470;125;1004381.500;9.000;127.618;1004213;1004642
14;1.400;0.500;0.370;125;1004394.500;11.500;252.059;1004238;1005092
14;1.600;0.500;0.370;140;1004416.500;18.500;236.633;1004123;1004826
14;1.600;0.650;0.470;110;1004495.500;32.000;462.612;1004107;1005590
14;1.600;0.500;0.570;140;1004321.500;8.500;178.541;1004036;1004645
14;1.600;0.500;0.570;110;1004381.000;18.500;166.536;1004150;1004620
14;1.600;0.650;0.370;125;1004310.500;12.000;562.821;1004041;1005751
