mode;alpha;beta;evaporation;group_size;elite_weight;best_value;best_iteration
AC;1.0;2.0;0.3;20;1.0;1004140;9
AC;1.0;2.0;0.3;20;1.0;1004383;15
AC;1.0;2.0;0.3;20;1.0;1004897;13
AC;1.0;2.0;0.3;20;1.0;1005088;17
AC;1.0;2.0;0.3;20;1.0;1005123;44
AC;1.0;2.0;0.3;45;1.0;1004793;15
AC;1.0;2.0;0.3;45;1.0;1004881;16
AC;1.0;2.0;0.3;45;1.0;1005197;76
AC;1.0;2.0;0.3;45;1.0;1004878;29
AC;1.0;2.0;0.3;45;1.0;1004911;46
AC;1.0;2.0;0.5;20;1.0;1004474;5
AC;1.0;2.0;0.5;20;1.0;1004677;19
AC;1.0;2.0;0.3;80;1.0;1005740;21
AC;1.0;2.0;0.3;80;1.0;1005177;27
AC;1.0;2.0;0.5;20;1.0;1004932;25
AC;1.0;2.0;0.3;80;1.0;1005337;39
AC;1.0;2.0;0.3;80;1.0;1005420;53
AC;1.0;2.0;0.5;20;1.0;1004391;5
AC;1.0;2.0;0.5;20;1.0;1004771;21
AC;1.0;2.0;0.3;80;1.0;1005340;93
AC;1.0;2.0;0.5;45;1.0;1005075;13
AC;1.0;2.0;0.5;45;1.0;1005204;47
AC;1.0;2.0;0.5;45;1.0;1005186;25
AC;1.0;2.0;0.5;45;1.0;1005512;82
AC;1.0;2.0;0.5;45;1.0;1005480;60
AC;1.0;2.0;0.8;20;1.0;1004746;10
AC;1.0;2.0;0.8;20;1.0;1006102;44
AC;1.0;2.0;0.8;20;1.0;1004904;68
AC;1.0;2.0;0.5;80;1.0;1005940;96
AC;1.0;2.0;0.5;80;1.0;1006418;89
AC;1.0;2.0;0.8;20;1.0;1005359;74
AC;1.0;2.0;0.5;80;1.0;1006458;90
AC;1.0;2.0;0.8;20;1.0;1005773;63
AC;1.0;2.0;0.5;80;1.0;1006178;89
AC;1.0;2.0;0.5;80;1.0;1006116;96
AC;1.0;2.0;0.8;45;1.0;1004605;25
AC;1.0;2.0;0.8;45;1.0;1005109;52
AC;1.0;2.0;0.8;45;1.0;1005486;33
AC;1.0;2.0;0.8;45;1.0;1005978;48
AC;1.0;2.0;0.8;45;1.0;1006843;70
AC;1.0;3.0;0.3;20;1.0;1004982;18
AC;1.0;3.0;0.3;20;1.0;1004647;1
AC;1.0;3.0;0.3;20;1.0;1005435;93
AC;1.0;3.0;0.3;20;1.0;1005239;69
AC;1.0;2.0;0.8;80;1.0;1006474;61
AC;1.0;2.0;0.8;80;1.0;1006107;56
AC;1.0;2.0;0.8;80;1.0;1006351;74
AC;1.0;3.0;0.3;20;1.0;1006153;100
AC;1.0;2.0;0.8;80;1.0;1006826;99
AC;1.0;2.0;0.8;80;1.0;1006909;71
AC;1.0;3.0;0.3;45;1.0;1005550;47
AC;1.0;3.0;0.3;45;1.0;1006620;82
AC;1.0;3.0;0.3;45;1.0;1006136;47
AC;1.0;3.0;0.3;45;1.0;1006020;100
AC;1.0;3.0;0.3;45;1.0;1006499;96
AC;1.0;3.0;0.5;20;1.0;1004949;1
AC;1.0;3.0;0.5;20;1.0;1004719;33
AC;1.0;3.0;0.3;80;1.0;1005770;11
AC;1.0;3.0;0.5;20;1.0;1004165;5
AC;1.0;3.0;0.3;80;1.0;1006270;37
AC;1.0;3.0;0.3;80;1.0;1005818;25
AC;1.0;3.0;0.5;20;1.0;1006071;93
AC;1.0;3.0;0.5;20;1.0;1004947;25
AC;1.0;3.0;0.3;80;1.0;1006419;89
AC;1.0;3.0;0.5;45;1.0;1006118;42
AC;1.0;3.0;0.5;45;1.0;1005300;1
AC;1.0;3.0;0.5;45;1.0;1005021;6
AC;1.0;3.0;0.5;45;1.0;1006276;37
AC;1.0;3.0;0.3;80;1.0;1007140;90
AC;1.0;3.0;0.5;45;1.0;1006077;59
AC;1.0;3.0;0.5;80;1.0;1005534;1
AC;1.0;3.0;0.8;20;1.0;1005166;28
AC;1.0;3.0;0.8;20;1.0;1005200;30
AC;1.0;3.0;0.8;20;1.0;1005117;39
AC;1.0;3.0;0.8;20;1.0;1004622;57
AC;1.0;3.0;0.8;20;1.0;1006106;71
AC;1.0;3.0;0.5;80;1.0;1006927;89
AC;1.0;3.0;0.5;80;1.0;1006823;100
AC;1.0;3.0;0.5;80;1.0;1006673;64
AC;1.0;3.0;0.8;45;1.0;1006541;70
AC;1.0;3.0;0.5;80;1.0;1006756;98
AC;1.0;3.0;0.8;45;1.0;1006415;95
AC;1.0;3.0;0.8;45;1.0;1006567;77
AC;1.0;3.0;0.8;45;1.0;1006413;80
AC;1.0;3.0;0.8;45;1.0;1006572;97
AC;1.0;5.0;0.3;20;1.0;1005083;1
AC;1.0;5.0;0.3;20;1.0;1006200;21
AC;1.0;5.0;0.3;20;1.0;1005405;6
AC;1.0;5.0;0.3;20;1.0;1005438;83
AC;1.0;5.0;0.3;20;1.0;1006518;68
AC;1.0;3.0;0.8;80;1.0;1006642;63
AC;1.0;3.0;0.8;80;1.0;1006826;99
AC;1.0;3.0;0.8;80;1.0;1007572;98
AC;1.0;3.0;0.8;80;1.0;1007028;84
AC;1.0;3.0;0.8;80;1.0;1006985;82
AC;1.0;5.0;0.3;45;1.0;1006864;60
AC;1.0;5.0;0.3;45;1.0;1007124;85
AC;1.0;5.0;0.3;45;1.0;1007338;96
AC;1.0;5.0;0.3;45;1.0;1006113;53
AC;1.0;5.0;0.3;45;1.0;1006679;66
AC;1.0;5.0;0.5;20;1.0;1006654;94
AC;1.0;5.0;0.5;20;1.0;1006435;73
AC;1.0;5.0;0.3;80;1.0;1006829;62
AC;1.0;5.0;0.5;20;1.0;1006597;51
AC;1.0;5.0;0.3;80;1.0;1007242;99
AC;1.0;5.0;0.3;80;1.0;1007739;89
AC;1.0;5.0;0.5;20;1.0;1005973;31
AC;1.0;5.0;0.5;20;1.0;1006609;100
AC;1.0;5.0;0.3;80;1.0;1007311;95
AC;1.0;5.0;0.3;80;1.0;1006842;60
AC;1.0;5.0;0.5;45;1.0;1007708;88
AC;1.0;5.0;0.5;45;1.0;1007040;99
AC;1.0;5.0;0.5;45;1.0;1006905;91
AC;1.0;5.0;0.5;45;1.0;1007169;84
AC;1.0;5.0;0.5;45;1.0;1007831;94
AC;1.0;5.0;0.8;20;1.0;1005221;7
AC;1.0;5.0;0.8;20;1.0;1005177;17
AC;1.0;5.0;0.8;20;1.0;1004444;7
AC;1.0;5.0;0.8;20;1.0;1006832;30
AC;1.0;5.0;0.5;80;1.0;1007460;92
AC;1.0;5.0;0.5;80;1.0;1007743;100
AC;1.0;5.0;0.5;80;1.0;1008110;92
AC;1.0;5.0;0.8;20;1.0;1005370;23
AC;1.0;5.0;0.5;80;1.0;1007852;79
AC;1.0;5.0;0.5;80;1.0;1007535;88
AC;1.0;5.0;0.8;45;1.0;1007433;44
AC;1.0;5.0;0.8;45;1.0;1006933;59
AC;1.0;5.0;0.8;45;1.0;1007438;55
AC;1.0;5.0;0.8;45;1.0;1007191;51
AC;1.0;5.0;0.8;45;1.0;1008003;92
AC;1.5;2.0;0.3;20;1.0;1002910;1
AC;1.5;2.0;0.3;20;1.0;1002937;1
AC;1.5;2.0;0.3;20;1.0;1003507;1
AC;1.5;2.0;0.3;20;1.0;1003935;3
AC;1.5;2.0;0.3;20;1.0;1004688;1
AC;1.0;5.0;0.8;80;1.0;1007326;87
AC;1.5;2.0;0.3;45;1.0;1003847;1
AC;1.0;5.0;0.8;80;1.0;1007189;43
AC;1.0;5.0;0.8;80;1.0;1007703;62
AC;1.0;5.0;0.8;80;1.0;1007698;94
AC;1.5;2.0;0.3;45;1.0;1004152;1
AC;1.5;2.0;0.3;45;1.0;1003625;1
AC;1.5;2.0;0.3;45;1.0;1004136;1
AC;1.0;5.0;0.8;80;1.0;1007827;79
AC;1.5;2.0;0.3;45;1.0;1004319;1
AC;1.5;2.0;0.3;80;1.0;1004963;1
AC;1.5;2.0;0.5;20;1.0;1004476;1
AC;1.5;2.0;0.3;80;1.0;1004899;1
AC;1.5;2.0;0.3;80;1.0;1004213;1
AC;1.5;2.0;0.5;20;1.0;1003591;1
AC;1.5;2.0;0.5;20;1.0;1003404;1
AC;1.5;2.0;0.3;80;1.0;1004455;1
AC;1.5;2.0;0.3;80;1.0;1004563;1
AC;1.5;2.0;0.5;20;1.0;1004236;1
AC;1.5;2.0;0.5;20;1.0;1004403;1
AC;1.5;2.0;0.5;45;1.0;1004333;1
AC;1.5;2.0;0.5;45;1.0;1003874;1
AC;1.5;2.0;0.5;45;1.0;1003899;1
AC;1.5;2.0;0.5;45;1.0;1003582;1
AC;1.5;2.0;0.5;45;1.0;1003907;1
AC;1.5;2.0;0.8;20;1.0;1003111;1
AC;1.5;2.0;0.8;20;1.0;1004051;1
AC;1.5;2.0;0.5;80;1.0;1004223;1
AC;1.5;2.0;0.5;80;1.0;1003700;1
AC;1.5;2.0;0.5;80;1.0;1004185;1
AC;1.5;2.0;0.8;20;1.0;1003729;1
AC;1.5;2.0;0.5;80;1.0;1004478;1
AC;1.5;2.0;0.5;80;1.0;1004444;1
AC;1.5;2.0;0.8;20;1.0;1004060;1
AC;1.5;2.0;0.8;20;1.0;1003856;1
AC;1.5;2.0;0.8;45;1.0;1004293;1
AC;1.5;2.0;0.8;45;1.0;1003973;1
AC;1.5;2.0;0.8;45;1.0;1004503;1
AC;1.5;2.0;0.8;45;1.0;1004143;1
AC;1.5;2.0;0.8;45;1.0;1003829;1
AC;1.5;2.0;0.8;80;1.0;1003818;1
AC;1.5;2.0;0.8;80;1.0;1003945;2
AC;1.5;2.0;0.8;80;1.0;1004576;1
AC;1.5;3.0;0.3;20;1.0;1003855;1
AC;1.5;3.0;0.3;20;1.0;1004240;1
AC;1.5;3.0;0.3;20;1.0;1003707;1
AC;1.5;2.0;0.8;80;1.0;1004826;1
AC;1.5;2.0;0.8;80;1.0;1004245;1
AC;1.5;3.0;0.3;20;1.0;1004639;1
AC;1.5;3.0;0.3;20;1.0;1004234;1
AC;1.5;3.0;0.3;45;1.0;1004238;1
AC;1.5;3.0;0.3;45;1.0;1004085;1
AC;1.5;3.0;0.3;45;1.0;1004624;1
AC;1.5;3.0;0.3;45;1.0;1004723;1
AC;1.5;3.0;0.3;45;1.0;1004212;1
AC;1.5;3.0;0.3;80;1.0;1004201;1
AC;1.5;3.0;0.3;80;1.0;1004483;1
AC;1.5;3.0;0.5;20;1.0;1004011;2
AC;1.5;3.0;0.3;80;1.0;1004430;1
AC;1.5;3.0;0.5;20;1.0;1003468;1
AC;1.5;3.0;0.3;80;1.0;1004256;1
AC;1.5;3.0;0.5;20;1.0;1003176;1
AC;1.5;3.0;0.3;80;1.0;1003892;1
AC;1.5;3.0;0.5;20;1.0;1003775;1
AC;1.5;3.0;0.5;20;1.0;1003674;1
AC;1.5;3.0;0.5;45;1.0;1004415;1
AC;1.5;3.0;0.5;45;1.0;1004500;1
AC;1.5;3.0;0.5;45;1.0;1004127;1
AC;1.5;3.0;0.5;45;1.0;1003930;1
AC;1.5;3.0;0.5;45;1.0;1003988;1
AC;1.5;3.0;0.5;80;1.0;1004382;1
AC;1.5;3.0;0.8;20;1.0;1004328;1
AC;1.5;3.0;0.8;20;1.0;1002931;1
AC;1.5;3.0;0.8;20;1.0;1003472;1
AC;1.5;3.0;0.5;80;1.0;1004657;1
AC;1.5;3.0;0.5;80;1.0;1004185;1
AC;1.5;3.0;0.5;80;1.0;1003764;1
AC;1.5;3.0;0.8;20;1.0;1004255;2
AC;1.5;3.0;0.5;80;1.0;1004199;1
AC;1.5;3.0;0.8;20;1.0;1004822;1
AC;1.5;3.0;0.8;45;1.0;1004133;1
AC;1.5;3.0;0.8;45;1.0;1004511;1
AC;1.5;3.0;0.8;45;1.0;1004025;1
AC;1.5;3.0;0.8;45;1.0;1004310;1
AC;1.5;3.0;0.8;45;1.0;1004464;1
AC;1.5;3.0;0.8;80;1.0;1004271;1
AC;1.5;3.0;0.8;80;1.0;1005051;1
AC;1.5;5.0;0.3;20;1.0;1003707;3
AC;1.5;5.0;0.3;20;1.0;1003795;1
AC;1.5;3.0;0.8;80;1.0;1004300;1
AC;1.5;5.0;0.3;20;1.0;1004043;3
AC;1.5;3.0;0.8;80;1.0;1004800;1
AC;1.5;3.0;0.8;80;1.0;1004788;1
AC;1.5;5.0;0.3;20;1.0;1003948;1
AC;1.5;5.0;0.3;20;1.0;1004837;1
AC;1.5;5.0;0.3;45;1.0;1004949;1
AC;1.5;5.0;0.3;45;1.0;1004544;1
AC;1.5;5.0;0.3;45;1.0;1004599;1
AC;1.5;5.0;0.3;45;1.0;1004979;1
AC;1.5;5.0;0.3;45;1.0;1005204;1
AC;1.5;5.0;0.5;20;1.0;1003704;1
AC;1.5;5.0;0.5;20;1.0;1003565;1
AC;1.5;5.0;0.3;80;1.0;1005814;1
AC;1.5;5.0;0.3;80;1.0;1005259;1
AC;1.5;5.0;0.3;80;1.0;1005436;1
AC;1.5;5.0;0.5;20;1.0;1003881;2
AC;1.5;5.0;0.3;80;1.0;1004345;1
AC;1.5;5.0;0.3;80;1.0;1004594;1
AC;1.5;5.0;0.5;20;1.0;1003487;1
AC;1.5;5.0;0.5;20;1.0;1003583;1
AC;1.5;5.0;0.5;45;1.0;1004804;1
AC;1.5;5.0;0.5;45;1.0;1004901;1
AC;1.5;5.0;0.5;45;1.0;1004025;1
AC;1.5;5.0;0.5;45;1.0;1004188;1
AC;1.5;5.0;0.5;45;1.0;1005457;1
AC;1.5;5.0;0.5;80;1.0;1004809;1
AC;1.5;5.0;0.8;20;1.0;1003780;1
AC;1.5;5.0;0.8;20;1.0;1004372;1
AC;1.5;5.0;0.5;80;1.0;1004850;1
AC;1.5;5.0;0.5;80;1.0;1004891;1
AC;1.5;5.0;0.8;20;1.0;1004833;1
AC;1.5;5.0;0.5;80;1.0;1004354;1
AC;1.5;5.0;0.5;80;1.0;1003998;1
AC;1.5;5.0;0.8;20;1.0;1004868;1
AC;1.5;5.0;0.8;20;1.0;1004769;1
AC;1.5;5.0;0.8;45;1.0;1004259;1
AC;1.5;5.0;0.8;45;1.0;1004228;1
AC;1.5;5.0;0.8;45;1.0;1004701;1
AC;1.5;5.0;0.8;45;1.0;1004688;1
AC;1.5;5.0;0.8;45;1.0;1004148;1
AC;1.5;5.0;0.8;80;1.0;1004585;1
AC;2.0;2.0;0.3;20;1.0;1003631;1
AC;1.5;5.0;0.8;80;1.0;1004659;1
AC;1.5;5.0;0.8;80;1.0;1005329;1
AC;2.0;2.0;0.3;20;1.0;1003589;1
AC;2.0;2.0;0.3;20;1.0;1004177;1
AC;1.5;5.0;0.8;80;1.0;1004682;1
AC;1.5;5.0;0.8;80;1.0;1005478;1
AC;2.0;2.0;0.3;20;1.0;1003922;1
AC;2.0;2.0;0.3;20;1.0;1003530;1
AC;2.0;2.0;0.3;45;1.0;1004047;1
AC;2.0;2.0;0.3;45;1.0;1003768;1
AC;2.0;2.0;0.3;45;1.0;1003785;1
AC;2.0;2.0;0.3;45;1.0;1003535;1
AC;2.0;2.0;0.3;45;1.0;1003488;1
AC;2.0;2.0;0.5;20;1.0;1003547;1
AC;2.0;2.0;0.3;80;1.0;1004722;1
AC;2.0;2.0;0.5;20;1.0;1003673;1
AC;2.0;2.0;0.3;80;1.0;1004159;1
AC;2.0;2.0;0.5;20;1.0;1003903;1
AC;2.0;2.0;0.3;80;1.0;1003963;1
AC;2.0;2.0;0.3;80;1.0;1003698;1
AC;2.0;2.0;0.3;80;1.0;1004015;1
AC;2.0;2.0;0.5;20;1.0;1004177;1
AC;2.0;2.0;0.5;20;1.0;1003605;1
AC;2.0;2.0;0.5;45;1.0;1003738;1
AC;2.0;2.0;0.5;45;1.0;1003783;1
AC;2.0;2.0;0.5;45;1.0;1003571;1
AC;2.0;2.0;0.5;45;1.0;1004279;1
AC;2.0;2.0;0.5;45;1.0;1004156;1
AC;2.0;2.0;0.8;20;1.0;1004521;1
AC;2.0;2.0;0.8;20;1.0;1003786;1
AC;2.0;2.0;0.5;80;1.0;1004154;1
AC;2.0;2.0;0.5;80;1.0;1004140;1
AC;2.0;2.0;0.5;80;1.0;1003704;1
AC;2.0;2.0;0.8;20;1.0;1003141;1
AC;2.0;2.0;0.5;80;1.0;1004334;1
AC;2.0;2.0;0.5;80;1.0;1003780;1
AC;2.0;2.0;0.8;20;1.0;1003694;1
AC;2.0;2.0;0.8;20;1.0;1003068;1
AC;2.0;2.0;0.8;45;1.0;1004043;1
AC;2.0;2.0;0.8;45;1.0;1003934;1
AC;2.0;2.0;0.8;45;1.0;1003757;1
AC;2.0;2.0;0.8;45;1.0;1003763;1
AC;2.0;2.0;0.8;45;1.0;1004044;1
AC;2.0;2.0;0.8;80;1.0;1004024;1
AC;2.0;3.0;0.3;20;1.0;1004155;1
AC;2.0;3.0;0.3;20;1.0;1003316;1
AC;2.0;3.0;0.3;20;1.0;1003682;1
AC;2.0;2.0;0.8;80;1.0;1005143;1
AC;2.0;2.0;0.8;80;1.0;1004343;1
AC;2.0;2.0;0.8;80;1.0;1004338;1
AC;2.0;2.0;0.8;80;1.0;1004370;1
AC;2.0;3.0;0.3;20;1.0;1004285;1
AC;2.0;3.0;0.3;20;1.0;1003937;1
AC;2.0;3.0;0.3;45;1.0;1003834;1
AC;2.0;3.0;0.3;45;1.0;1003918;1
AC;2.0;3.0;0.3;45;1.0;1004367;1
AC;2.0;3.0;0.3;45;1.0;1003949;1
AC;2.0;3.0;0.3;45;1.0;1003800;1
AC;2.0;3.0;0.5;20;1.0;1004700;1
AC;2.0;3.0;0.5;20;1.0;1003720;1
AC;2.0;3.0;0.3;80;1.0;1005307;1
AC;2.0;3.0;0.3;80;1.0;1004860;1
AC;2.0;3.0;0.3;80;1.0;1004636;1
AC;2.0;3.0;0.5;20;1.0;1003847;1
AC;2.0;3.0;0.3;80;1.0;1004590;1
AC;2.0;3.0;0.3;80;1.0;1004409;1
AC;2.0;3.0;0.5;20;1.0;1003897;1
AC;2.0;3.0;0.5;20;1.0;1003467;1
AC;2.0;3.0;0.5;45;1.0;1003923;1
AC;2.0;3.0;0.5;45;1.0;1004294;1
AC;2.0;3.0;0.5;45;1.0;1003956;1
AC;2.0;3.0;0.5;45;1.0;1004151;1
AC;2.0;3.0;0.5;45;1.0;1003916;1
AC;2.0;3.0;0.8;20;1.0;1004369;1
AC;2.0;3.0;0.5;80;1.0;1003867;1
AC;2.0;3.0;0.5;80;1.0;1004015;1
AC;2.0;3.0;0.5;80;1.0;1005406;1
AC;2.0;3.0;0.8;20;1.0;1004767;1
AC;2.0;3.0;0.5;80;1.0;1004492;1
AC;2.0;3.0;0.8;20;1.0;1004030;1
AC;2.0;3.0;0.5;80;1.0;1004156;1
AC;2.0;3.0;0.8;20;1.0;1003934;1
AC;2.0;3.0;0.8;20;1.0;1004625;1
AC;2.0;3.0;0.8;45;1.0;1003510;1
AC;2.0;3.0;0.8;45;1.0;1005204;1
AC;2.0;3.0;0.8;45;1.0;1003778;1
AC;2.0;3.0;0.8;45;1.0;1003685;1
AC;2.0;3.0;0.8;45;1.0;1003926;1
AC;2.0;3.0;0.8;80;1.0;1004163;1
AC;2.0;3.0;0.8;80;1.0;1004058;1
AC;2.0;5.0;0.3;20;1.0;1004003;1
AC;2.0;5.0;0.3;20;1.0;1003837;1
AC;2.0;5.0;0.3;20;1.0;1004046;1
AC;2.0;3.0;0.8;80;1.0;1003987;1
AC;2.0;3.0;0.8;80;1.0;1004407;1
AC;2.0;3.0;0.8;80;1.0;1004144;1
AC;2.0;5.0;0.3;20;1.0;1004454;1
AC;2.0;5.0;0.3;20;1.0;1003960;1
AC;2.0;5.0;0.3;45;1.0;1004414;1
AC;2.0;5.0;0.3;45;1.0;1004830;1
AC;2.0;5.0;0.3;45;1.0;1004812;1
AC;2.0;5.0;0.3;45;1.0;1004370;1
AC;2.0;5.0;0.3;45;1.0;1004009;1
AC;2.0;5.0;0.5;20;1.0;1005193;1
AC;2.0;5.0;0.5;20;1.0;1004742;1
AC;2.0;5.0;0.3;80;1.0;1004607;1
AC;2.0;5.0;0.3;80;1.0;1004979;1
AC;2.0;5.0;0.3;80;1.0;1004893;1
AC;2.0;5.0;0.5;20;1.0;1004622;1
AC;2.0;5.0;0.3;80;1.0;1004935;1
AC;2.0;5.0;0.3;80;1.0;1004631;1
AC;2.0;5.0;0.5;20;1.0;1003886;1
AC;2.0;5.0;0.5;20;1.0;1004629;1
AC;2.0;5.0;0.5;45;1.0;1004317;1
AC;2.0;5.0;0.5;45;1.0;1003980;1
AC;2.0;5.0;0.5;45;1.0;1004312;1
AC;2.0;5.0;0.5;45;1.0;1003906;1
AC;2.0;5.0;0.5;45;1.0;1004327;1
AC;2.0;5.0;0.5;80;1.0;1003886;1
AC;2.0;5.0;0.8;20;1.0;1003804;1
AC;2.0;5.0;0.8;20;1.0;1003971;1
AC;2.0;5.0;0.5;80;1.0;1004062;1
AC;2.0;5.0;0.5;80;1.0;1004723;1
AC;2.0;5.0;0.8;20;1.0;1003934;1
AC;2.0;5.0;0.5;80;1.0;1004612;1
AC;2.0;5.0;0.5;80;1.0;1004608;1
AC;2.0;5.0;0.8;20;1.0;1004410;1
AC;2.0;5.0;0.8;20;1.0;1003215;1
AC;2.0;5.0;0.8;45;1.0;1005536;1
AC;2.0;5.0;0.8;45;1.0;1004590;1
AC;2.0;5.0;0.8;45;1.0;1004871;1
AC;2.0;5.0;0.8;45;1.0;1004633;1
AC;2.0;5.0;0.8;45;1.0;1004124;1
AC;2.0;5.0;0.8;80;1.0;1004855;1
AC;2.0;5.0;0.8;80;1.0;1004398;1
AC;2.0;5.0;0.8;80;1.0;1004471;1
EAS;1.0;2.0;0.3;20;0.2;1005127;41
AC;2.0;5.0;0.8;80;1.0;1004654;1
EAS;1.0;2.0;0.3;20;0.2;1005324;70
AC;2.0;5.0;0.8;80;1.0;1004258;1
EAS;1.0;2.0;0.3;20;0.2;1004541;25
EAS;1.0;2.0;0.3;20;0.2;1004761;5
EAS;1.0;2.0;0.3;20;0.2;1004814;19
EAS;1.0;2.0;0.3;20;0.5;1005007;25
EAS;1.0;2.0;0.3;20;0.5;1004775;26
EAS;1.0;2.0;0.3;20;0.5;1004601;15
EAS;1.0;2.0;0.3;20;0.5;1004126;1
EAS;1.0;2.0;0.3;20;0.5;1004884;37
EAS;1.0;2.0;0.3;20;1.0;1004606;15
EAS;1.0;2.0;0.3;20;1.0;1005067;36
EAS;1.0;2.0;0.3;20;1.0;1005176;92
EAS;1.0;2.0;0.3;20;1.0;1005008;16
EAS;1.0;2.0;0.3;20;1.0;1004843;91
EAS;1.0;2.0;0.3;45;0.2;1005518;20
EAS;1.0;2.0;0.3;45;0.2;1005079;15
EAS;1.0;2.0;0.3;45;0.2;1004440;10
EAS;1.0;2.0;0.3;45;0.5;1004983;18
EAS;1.0;2.0;0.3;45;0.2;1005590;72
EAS;1.0;2.0;0.3;45;0.5;1005039;36
EAS;1.0;2.0;0.3;45;0.2;1005610;79
EAS;1.0;2.0;0.3;45;1.0;1004644;9
EAS;1.0;2.0;0.3;45;0.5;1004856;46
EAS;1.0;2.0;0.3;45;0.5;1005267;86
EAS;1.0;2.0;0.3;45;0.5;1005683;56
EAS;1.0;2.0;0.3;45;1.0;1005187;38
EAS;1.0;2.0;0.3;45;1.0;1005736;64
EAS;1.0;2.0;0.3;45;1.0;1004637;34
EAS;1.0;2.0;0.3;45;1.0;1005530;87
EAS;1.0;2.0;0.3;80;0.2;1005182;6
EAS;1.0;2.0;0.3;80;0.2;1005107;15
EAS;1.0;2.0;0.3;80;0.5;1005410;46
EAS;1.0;2.0;0.3;80;0.2;1005848;97
EAS;1.0;2.0;0.3;80;0.2;1006028;91
EAS;1.0;2.0;0.3;80;0.5;1005391;52
EAS;1.0;2.0;0.3;80;0.5;1005632;46
EAS;1.0;2.0;0.3;80;0.2;1005851;72
EAS;1.0;2.0;0.3;80;0.5;1005336;55
EAS;1.0;2.0;0.5;20;0.2;1004511;9
EAS;1.0;2.0;0.3;80;0.5;1005722;77
EAS;1.0;2.0;0.3;80;1.0;1004984;16
EAS;1.0;2.0;0.5;20;0.2;1005298;86
EAS;1.0;2.0;0.3;80;1.0;1005117;15
EAS;1.0;2.0;0.5;20;0.2;1004559;28
EAS;1.0;2.0;0.5;20;0.2;1005572;46
EAS;1.0;2.0;0.5;20;0.5;1005033;29
EAS;1.0;2.0;0.5;20;0.2;1005304;63
EAS;1.0;2.0;0.3;80;1.0;1006071;97
EAS;1.0;2.0;0.3;80;1.0;1006412;91
EAS;1.0;2.0;0.3;80;1.0;1005845;96
EAS;1.0;2.0;0.5;20;0.5;1006317;80
EAS;1.0;2.0;0.5;20;0.5;1006214;91
EAS;1.0;2.0;0.5;20;0.5;1006042;71
EAS;1.0;2.0;0.5;20;1.0;1004811;2
EAS;1.0;2.0;0.5;20;1.0;1005846;33
EAS;1.0;2.0;0.5;20;1.0;1004733;62
EAS;1.0;2.0;0.5;20;1.0;1005472;91
EAS;1.0;2.0;0.5;20;0.5;1006076;87
EAS;1.0;2.0;0.5;20;1.0;1005995;60
EAS;1.0;2.0;0.5;45;0.2;1005346;6
EAS;1.0;2.0;0.5;45;0.2;1006088;52
EAS;1.0;2.0;0.5;45;0.2;1004746;13
EAS;1.0;2.0;0.5;45;0.5;1005311;11
EAS;1.0;2.0;0.5;45;0.2;1004547;19
EAS;1.0;2.0;0.5;45;0.5;1005137;21
EAS;1.0;2.0;0.5;45;0.5;1005343;17
EAS;1.0;2.0;0.5;45;0.2;1005680;91
EAS;1.0;2.0;0.5;45;0.5;1006519;91
EAS;1.0;2.0;0.5;45;0.5;1006503;96
EAS;1.0;2.0;0.5;45;1.0;1006074;77
EAS;1.0;2.0;0.5;45;1.0;1005990;75
EAS;1.0;2.0;0.5;45;1.0;1005817;44
EAS;1.0;2.0;0.5;45;1.0;1006284;94
EAS;1.0;2.0;0.5;45;1.0;1005491;79
EAS;1.0;2.0;0.5;80;0.2;1006167;98
EAS;1.0;2.0;0.5;80;0.2;1006273;96
EAS;1.0;2.0;0.5;80;0.2;1005966;49
EAS;1.0;2.0;0.5;80;0.2;1006212;96
EAS;1.0;2.0;0.5;80;0.2;1006447;82
EAS;1.0;2.0;0.5;80;0.5;1005973;94
EAS;1.0;2.0;0.5;80;0.5;1006364;100
EAS;1.0;2.0;0.5;80;0.5;1005981;75
EAS;1.0;2.0;0.5;80;0.5;1005373;34
EAS;1.0;2.0;0.8;20;0.2;1004792;34
EAS;1.0;2.0;0.5;80;1.0;1005281;5
EAS;1.0;2.0;0.8;20;0.2;1003686;4
EAS;1.0;2.0;0.8;20;0.2;1004836;10
EAS;1.0;2.0;0.5;80;1.0;1005514;44
EAS;1.0;2.0;0.5;80;0.5;1005786;97
EAS;1.0;2.0;0.8;20;0.2;1005345;18
EAS;1.0;2.0;0.8;20;0.2;1004962;18
EAS;1.0;2.0;0.8;20;0.5;1004660;14
EAS;1.0;2.0;0.5;80;1.0;1006259;53
EAS;1.0;2.0;0.5;80;1.0;1006553;98
EAS;1.0;2.0;0.8;20;0.5;1005638;96
EAS;1.0;2.0;0.8;20;0.5;1005020;58
EAS;1.0;2.0;0.8;20;0.5;1005599;66
EAS;1.0;2.0;0.5;80;1.0;1006456;94
EAS;1.0;2.0;0.8;20;1.0;1004735;1
EAS;1.0;2.0;0.8;20;0.5;1005142;52
EAS;1.0;2.0;0.8;20;1.0;1004529;54
EAS;1.0;2.0;0.8;20;1.0;1004210;27
EAS;1.0;2.0;0.8;20;1.0;1005945;72
EAS;1.0;2.0;0.8;20;1.0;1004865;98
EAS;1.0;2.0;0.8;45;0.2;1004964;39
EAS;1.0;2.0;0.8;45;0.2;1005257;57
EAS;1.0;2.0;0.8;45;0.2;1005952;55
EAS;1.0;2.0;0.8;45;0.2;1005870;37
EAS;1.0;2.0;0.8;45;0.2;1005414;56
EAS;1.0;2.0;0.8;45;0.5;1004915;2
EAS;1.0;2.0;0.8;45;0.5;1006338;99
EAS;1.0;2.0;0.8;45;0.5;1005904;58
EAS;1.0;2.0;0.8;45;0.5;1006309;75
EAS;1.0;2.0;0.8;45;0.5;1005375;22
EAS;1.0;2.0;0.8;45;1.0;1005098;13
EAS;1.0;2.0;0.8;45;1.0;1006352;87
EAS;1.0;2.0;0.8;45;1.0;1006560;100
EAS;1.0;2.0;0.8;45;1.0;1006368;97
EAS;1.0;2.0;0.8;45;1.0;1006141;89
EAS;1.0;2.0;0.8;80;0.2;1006084;76
EAS;1.0;2.0;0.8;80;0.2;1006622;99
EAS;1.0;2.0;0.8;80;0.2;1006104;63
EAS;1.0;2.0;0.8;80;0.2;1006270;95
EAS;1.0;2.0;0.8;80;0.2;1006443;86
EAS;1.0;2.0;0.8;80;0.5;1005746;89
EAS;1.0;2.0;0.8;80;0.5;1006554;60
EAS;1.0;2.0;0.8;80;0.5;1007079;96
EAS;1.0;3.0;0.3;20;0.2;1005330;43
EAS;1.0;2.0;0.8;80;0.5;1006637;86
EAS;1.0;2.0;0.8;80;0.5;1006362;74
EAS;1.0;2.0;0.8;80;1.0;1006621;93
EAS;1.0;2.0;0.8;80;1.0;1005851;77
EAS;1.0;3.0;0.3;20;0.2;1005650;16
EAS;1.0;3.0;0.3;20;0.2;1004975;39
EAS;1.0;3.0;0.3;20;0.2;1005384;39
EAS;1.0;2.0;0.8;80;1.0;1006641;97
EAS;1.0;2.0;0.8;80;1.0;1006219;67
EAS;1.0;3.0;0.3;20;0.2;1005350;49
EAS;1.0;3.0;0.3;20;0.5;1004458;5
EAS;1.0;2.0;0.8;80;1.0;1006726;92
EAS;1.0;3.0;0.3;20;0.5;1005853;64
EAS;1.0;3.0;0.3;20;1.0;1005501;39
EAS;1.0;3.0;0.3;20;0.5;1004768;50
EAS;1.0;3.0;0.3;20;1.0;1005149;13
EAS;1.0;3.0;0.3;20;0.5;1006247;75
EAS;1.0;3.0;0.3;20;0.5;1005785;86
EAS;1.0;3.0;0.3;20;1.0;1005882;81
EAS;1.0;3.0;0.3;20;1.0;1004627;35
EAS;1.0;3.0;0.3;20;1.0;1005192;93
EAS;1.0;3.0;0.3;45;0.2;1004897;1
EAS;1.0;3.0;0.3;45;0.2;1005929;42
EAS;1.0;3.0;0.3;45;0.2;1005752;87
EAS;1.0;3.0;0.3;45;0.2;1006381;85
EAS;1.0;3.0;0.3;45;0.2;1006340;76
EAS;1.0;3.0;0.3;45;0.5;1005610;86
EAS;1.0;3.0;0.3;45;0.5;1006598;78
EAS;1.0;3.0;0.3;45;0.5;1006575;93
EAS;1.0;3.0;0.3;45;1.0;1004727;2
EAS;1.0;3.0;0.3;45;0.5;1006591;97
EAS;1.0;3.0;0.3;45;0.5;1006551;94
EAS;1.0;3.0;0.3;45;1.0;1006281;97
EAS;1.0;3.0;0.3;45;1.0;1006396;87
EAS;1.0;3.0;0.3;45;1.0;1005462;37
EAS;1.0;3.0;0.3;45;1.0;1006363;90
EAS;1.0;3.0;0.3;80;0.2;1005976;37
EAS;1.0;3.0;0.3;80;0.5;1005909;1
EAS;1.0;3.0;0.3;80;0.2;1006662;71
EAS;1.0;3.0;0.3;80;0.2;1006499;99
EAS;1.0;3.0;0.3;80;0.5;1005947;41
EAS;1.0;3.0;0.3;80;0.2;1006339;100
EAS;1.0;3.0;0.3;80;0.2;1005794;57
EAS;1.0;3.0;0.3;80;0.5;1006210;83
EAS;1.0;3.0;0.3;80;1.0;1005844;34
EAS;1.0;3.0;0.5;20;0.2;1004851;15
EAS;1.0;3.0;0.3;80;0.5;1006579;96
EAS;1.0;3.0;0.3;80;0.5;1006273;81
EAS;1.0;3.0;0.5;20;0.2;1005385;11
EAS;1.0;3.0;0.5;20;0.2;1005386;30
EAS;1.0;3.0;0.5;20;0.2;1004405;16
EAS;1.0;3.0;0.3;80;1.0;1006809;85
EAS;1.0;3.0;0.5;20;0.2;1005207;50
EAS;1.0;3.0;0.3;80;1.0;1006333;55
EAS;1.0;3.0;0.3;80;1.0;1006136;61
EAS;1.0;3.0;0.5;20;0.5;1005888;45
EAS;1.0;3.0;0.3;80;1.0;1006552;99
EAS;1.0;3.0;0.5;20;0.5;1004536;8
EAS;1.0;3.0;0.5;20;0.5;1005899;93
EAS;1.0;3.0;0.5;20;0.5;1005290;43
EAS;1.0;3.0;0.5;20;0.5;1005915;94
EAS;1.0;3.0;0.5;20;1.0;1006501;71
EAS;1.0;3.0;0.5;20;1.0;1006698;90
EAS;1.0;3.0;0.5;20;1.0;1006198;93
EAS;1.0;3.0;0.5;20;1.0;1004509;23
EAS;1.0;3.0;0.5;20;1.0;1006632;79
EAS;1.0;3.0;0.5;45;0.2;1006278;91
EAS;1.0;3.0;0.5;45;0.2;1006644;82
EAS;1.0;3.0;0.5;45;0.2;1005981;58
EAS;1.0;3.0;0.5;45;0.5;1005920;28
EAS;1.0;3.0;0.5;45;0.2;1006491;66
EAS;1.0;3.0;0.5;45;0.2;1006630;88
EAS;1.0;3.0;0.5;45;0.5;1006370;80
EAS;1.0;3.0;0.5;45;0.5;1006391;86
EAS;1.0;3.0;0.5;45;0.5;1005347;22
EAS;1.0;3.0;0.5;45;0.5;1006470;97
EAS;1.0;3.0;0.5;45;1.0;1006631;87
EAS;1.0;3.0;0.5;45;1.0;1006695;95
EAS;1.0;3.0;0.5;45;1.0;1006227;94
EAS;1.0;3.0;0.5;45;1.0;1006435;96
EAS;1.0;3.0;0.5;45;1.0;1006572;76
EAS;1.0;3.0;0.5;80;0.2;1005538;23
EAS;1.0;3.0;0.5;80;0.2;1006963;99
EAS;1.0;3.0;0.5;80;0.5;1006139;35
EAS;1.0;3.0;0.5;80;0.2;1007193;85
EAS;1.0;3.0;0.5;80;0.2;1007156;92
EAS;1.0;3.0;0.5;80;0.5;1006838;98
EAS;1.0;3.0;0.5;80;0.2;1007078;87
EAS;1.0;3.0;0.5;80;0.5;1006943;92
EAS;1.0;3.0;0.5;80;0.5;1006667;74
EAS;1.0;3.0;0.8;20;0.2;1006180;49
EAS;1.0;3.0;0.5;80;0.5;1006601;96
EAS;1.0;3.0;0.8;20;0.2;1004328;24
EAS;1.0;3.0;0.8;20;0.2;1004795;18
EAS;1.0;3.0;0.5;80;1.0;1006702;56
EAS;1.0;3.0;0.8;20;0.2;1004995;37
EAS;1.0;3.0;0.5;80;1.0;1006960;75
EAS;1.0;3.0;0.8;20;0.2;1005473;78
EAS;1.0;3.0;0.5;80;1.0;1006909;97
EAS;1.0;3.0;0.5;80;1.0;1006873;87
EAS;1.0;3.0;0.5;80;1.0;1006941;100
EAS;1.0;3.0;0.8;20;0.5;1006202;38
EAS;1.0;3.0;0.8;20;0.5;1005037;20
EAS;1.0;3.0;0.8;20;0.5;1005869;27
EAS;1.0;3.0;0.8;20;0.5;1005494;92
EAS;1.0;3.0;0.8;20;1.0;1004790;30
EAS;1.0;3.0;0.8;20;1.0;1005632;53
EAS;1.0;3.0;0.8;20;0.5;1005953;88
EAS;1.0;3.0;0.8;20;1.0;1004864;93
EAS;1.0;3.0;0.8;20;1.0;1006209;68
EAS;1.0;3.0;0.8;20;1.0;1004328;39
EAS;1.0;3.0;0.8;45;0.2;1006107;41
EAS;1.0;3.0;0.8;45;0.2;1006213;38
EAS;1.0;3.0;0.8;45;0.2;1006788;81
EAS;1.0;3.0;0.8;45;0.2;1006704;84
EAS;1.0;3.0;0.8;45;0.2;1006683;79
EAS;1.0;3.0;0.8;45;0.5;1006476;79
EAS;1.0;3.0;0.8;45;0.5;1006567;85
EAS;1.0;3.0;0.8;45;0.5;1007149;77
EAS;1.0;3.0;0.8;45;1.0;1005568;32
EAS;1.0;3.0;0.8;45;0.5;1006922;100
EAS;1.0;3.0;0.8;45;0.5;1007251;97
EAS;1.0;3.0;0.8;45;1.0;1005905;42
EAS;1.0;3.0;0.8;45;1.0;1006634;84
EAS;1.0;3.0;0.8;45;1.0;1006854;93
EAS;1.0;3.0;0.8;45;1.0;1007166;70
EAS;1.0;3.0;0.8;80;0.2;1007052;92
EAS;1.0;3.0;0.8;80;0.2;1006569;61
EAS;1.0;3.0;0.8;80;0.2;1006776;80
EAS;1.0;3.0;0.8;80;0.5;1006463;34
EAS;1.0;3.0;0.8;80;0.2;1007179;83
EAS;1.0;3.0;0.8;80;0.2;1007082;81
EAS;1.0;3.0;0.8;80;0.5;1007370;99
EAS;1.0;3.0;0.8;80;0.5;1006738;59
EAS;1.0;3.0;0.8;80;0.5;1006042;48
EAS;1.0;5.0;0.3;20;0.2;1006044;57
EAS;1.0;3.0;0.8;80;0.5;1006696;60
EAS;1.0;5.0;0.3;20;0.2;1004867;3
EAS;1.0;5.0;0.3;20;0.2;1006199;59
EAS;1.0;3.0;0.8;80;1.0;1006466;53
EAS;1.0;3.0;0.8;80;1.0;1006444;55
EAS;1.0;5.0;0.3;20;0.2;1005646;31
EAS;1.0;3.0;0.8;80;1.0;1006589;99
EAS;1.0;5.0;0.3;20;0.2;1006613;59
EAS;1.0;3.0;0.8;80;1.0;1007226;75
EAS;1.0;3.0;0.8;80;1.0;1006758;88
EAS;1.0;5.0;0.3;20;0.5;1005822;46
EAS;1.0;5.0;0.3;20;0.5;1007242;98
EAS;1.0;5.0;0.3;20;0.5;1006217;45
EAS;1.0;5.0;0.3;20;0.5;1006613;51
EAS;1.0;5.0;0.3;20;1.0;1006635;59
EAS;1.0;5.0;0.3;20;0.5;1006584;82
EAS;1.0;5.0;0.3;20;1.0;1006949;82
EAS;1.0;5.0;0.3;20;1.0;1005699;44
EAS;1.0;5.0;0.3;20;1.0;1006098;85
EAS;1.0;5.0;0.3;20;1.0;1005707;28
EAS;1.0;5.0;0.3;45;0.2;1006007;26
EAS;1.0;5.0;0.3;45;0.2;1006574;68
EAS;1.0;5.0;0.3;45;0.2;1007101;92
EAS;1.0;5.0;0.3;45;0.2;1006400;51
EAS;1.0;5.0;0.3;45;0.5;1006688;50
EAS;1.0;5.0;0.3;45;0.2;1007369;92
EAS;1.0;5.0;0.3;45;0.5;1007185;66
EAS;1.0;5.0;0.3;45;0.5;1006848;88
EAS;1.0;5.0;0.3;45;0.5;1007091;78
EAS;1.0;5.0;0.3;45;0.5;1007443;100
EAS;1.0;5.0;0.3;45;1.0;1007119;88
EAS;1.0;5.0;0.3;45;1.0;1006689;48
EAS;1.0;5.0;0.3;45;1.0;1007076;98
EAS;1.0;5.0;0.3;45;1.0;1007257;81
EAS;1.0;5.0;0.3;45;1.0;1006893;94
EAS;1.0;5.0;0.3;80;0.2;1006244;23
EAS;1.0;5.0;0.3;80;0.2;1006649;44
EAS;1.0;5.0;0.3;80;0.2;1005941;15
EAS;1.0;5.0;0.3;80;0.2;1007157;94
EAS;1.0;5.0;0.3;80;0.2;1007268;90
EAS;1.0;5.0;0.3;80;0.5;1007196;63
EAS;1.0;5.0;0.3;80;0.5;1007415;88
EAS;1.0;5.0;0.3;80;0.5;1007285;95
EAS;1.0;5.0;0.3;80;0.5;1007159;87
EAS;1.0;5.0;0.5;20;0.2;1006464;42
EAS;1.0;5.0;0.5;20;0.2;1006623;81
EAS;1.0;5.0;0.3;80;0.5;1006780;100
EAS;1.0;5.0;0.3;80;1.0;1007457;90
EAS;1.0;5.0;0.3;80;1.0;1006322;25
EAS;1.0;5.0;0.5;20;0.2;1006168;85
EAS;1.0;5.0;0.5;20;0.2;1005675;18
EAS;1.0;5.0;0.5;20;0.2;1006563;73
EAS;1.0;5.0;0.5;20;0.5;1006368;85
EAS;1.0;5.0;0.3;80;1.0;1007514;94
EAS;1.0;5.0;0.3;80;1.0;1007149;89
EAS;1.0;5.0;0.3;80;1.0;1007439;82
EAS;1.0;5.0;0.5;20;0.5;1006578;89
EAS;1.0;5.0;0.5;20;0.5;1005700;24
EAS;1.0;5.0;0.5;20;0.5;1006018;58
EAS;1.0;5.0;0.5;20;0.5;1006149;24
EAS;1.0;5.0;0.5;20;1.0;1005874;41
EAS;1.0;5.0;0.5;20;1.0;1007028;86
EAS;1.0;5.0;0.5;20;1.0;1006870;55
EAS;1.0;5.0;0.5;20;1.0;1006636;70
EAS;1.0;5.0;0.5;20;1.0;1006287;92
EAS;1.0;5.0;0.5;45;0.2;1007471;84
EAS;1.0;5.0;0.5;45;0.2;1007577;90
EAS;1.0;5.0;0.5;45;0.2;1007366;92
EAS;1.0;5.0;0.5;45;0.2;1007375;74
EAS;1.0;5.0;0.5;45;0.2;1007449;94
EAS;1.0;5.0;0.5;45;0.5;1006713;76
EAS;1.0;5.0;0.5;45;0.5;1006858;58
EAS;1.0;5.0;0.5;45;0.5;1007170;97
EAS;1.0;5.0;0.5;45;0.5;1007831;98
EAS;1.0;5.0;0.5;45;1.0;1007486;92
EAS;1.0;5.0;0.5;45;0.5;1007728;98
EAS;1.0;5.0;0.5;45;1.0;1007441;96
EAS;1.0;5.0;0.5;80;0.2;1006506;19
EAS;1.0;5.0;0.5;45;1.0;1006983;79
EAS;1.0;5.0;0.5;45;1.0;1007189;89
EAS;1.0;5.0;0.5;45;1.0;1007175;74
EAS;1.0;5.0;0.5;80;0.2;1007079;42
EAS;1.0;5.0;0.5;80;0.2;1007592;61
EAS;1.0;5.0;0.5;80;0.2;1007960;85
EAS;1.0;5.0;0.5;80;0.2;1007480;93
EAS;1.0;5.0;0.5;80;0.5;1007708;66
EAS;1.0;5.0;0.5;80;0.5;1007397;90
EAS;1.0;5.0;0.5;80;0.5;1007969;97
EAS;1.0;5.0;0.5;80;0.5;1007648;99
EAS;1.0;5.0;0.8;20;0.2;1005495;41
EAS;1.0;5.0;0.8;20;0.2;1006823;63
EAS;1.0;5.0;0.5;80;0.5;1007869;100
EAS;1.0;5.0;0.5;80;1.0;1006955;66
EAS;1.0;5.0;0.5;80;1.0;1007808;99
EAS;1.0;5.0;0.8;20;0.2;1006306;49
EAS;1.0;5.0;0.8;20;0.2;1006861;95
EAS;1.0;5.0;0.8;20;0.2;1006019;26
EAS;1.0;5.0;0.8;20;0.5;1005609;10
EAS;1.0;5.0;0.5;80;1.0;1007942;95
EAS;1.0;5.0;0.5;80;1.0;1007744;100
EAS;1.0;5.0;0.8;20;0.5;1006329;52
EAS;1.0;5.0;0.8;20;0.5;1006218;39
EAS;1.0;5.0;0.5;80;1.0;1007421;82
EAS;1.0;5.0;0.8;20;0.5;1005516;66
EAS;1.0;5.0;0.8;20;0.5;1006955;61
EAS;1.0;5.0;0.8;20;1.0;1007385;96
EAS;1.0;5.0;0.8;20;1.0;1005511;55
EAS;1.0;5.0;0.8;20;1.0;1006708;37
EAS;1.0;5.0;0.8;20;1.0;1004643;47
EAS;1.0;5.0;0.8;20;1.0;1006724;69
EAS;1.0;5.0;0.8;45;0.2;1006656;31
EAS;1.0;5.0;0.8;45;0.2;1006569;39
EAS;1.0;5.0;0.8;45;0.2;1006934;63
EAS;1.0;5.0;0.8;45;0.2;1007822;59
EAS;1.0;5.0;0.8;45;0.5;1006686;37
EAS;1.0;5.0;0.8;45;0.2;1007563;66
EAS;1.0;5.0;0.8;45;0.5;1007161;69
EAS;1.0;5.0;0.8;45;0.5;1007469;82
EAS;1.0;5.0;0.8;45;0.5;1007430;52
EAS;1.0;5.0;0.8;45;0.5;1006981;100
EAS;1.0;5.0;0.8;45;1.0;1006324;54
EAS;1.0;5.0;0.8;45;1.0;1007103;97
EAS;1.0;5.0;0.8;45;1.0;1007173;82
EAS;1.0;5.0;0.8;45;1.0;1007789;66
EAS;1.0;5.0;0.8;45;1.0;1006776;52
EAS;1.0;5.0;0.8;80;0.2;1007840;51
EAS;1.0;5.0;0.8;80;0.2;1007642;86
EAS;1.0;5.0;0.8;80;0.2;1007184;69
EAS;1.0;5.0;0.8;80;0.2;1007890;91
EAS;1.0;5.0;0.8;80;0.2;1007848;89
EAS;1.0;5.0;0.8;80;0.5;1007841;100
EAS;1.0;5.0;0.8;80;0.5;1008025;82
EAS;1.0;5.0;0.8;80;0.5;1008404;100
EAS;1.5;2.0;0.3;20;0.2;1003515;1
EAS;1.0;5.0;0.8;80;0.5;1007905;68
EAS;1.5;2.0;0.3;20;0.2;1004088;1
EAS;1.0;5.0;0.8;80;0.5;1008057;89
EAS;1.5;2.0;0.3;20;0.2;1003681;1
EAS;1.0;5.0;0.8;80;1.0;1007658;59
EAS;1.5;2.0;0.3;20;0.2;1004001;1
EAS;1.0;5.0;0.8;80;1.0;1007896;54
EAS;1.0;5.0;0.8;80;1.0;1007853;85
EAS;1.5;2.0;0.3;20;0.2;1004364;1
EAS;1.0;5.0;0.8;80;1.0;1008091;95
EAS;1.0;5.0;0.8;80;1.0;1007517;97
EAS;1.5;2.0;0.3;20;0.5;1003705;1
EAS;1.5;2.0;0.3;20;0.5;1003228;1
EAS;1.5;2.0;0.3;20;0.5;1003141;1
EAS;1.5;2.0;0.3;20;0.5;1005004;1
EAS;1.5;2.0;0.3;20;0.5;1003649;1
EAS;1.5;2.0;0.3;20;1.0;1003625;1
EAS;1.5;2.0;0.3;20;1.0;1004133;1
EAS;1.5;2.0;0.3;20;1.0;1004399;1
EAS;1.5;2.0;0.3;20;1.0;1003863;1
EAS;1.5;2.0;0.3;20;1.0;1004098;1
EAS;1.5;2.0;0.3;45;0.2;1003897;1
EAS;1.5;2.0;0.3;45;0.2;1004317;1
EAS;1.5;2.0;0.3;45;0.2;1004631;1
EAS;1.5;2.0;0.3;45;0.2;1004488;1
EAS;1.5;2.0;0.3;45;0.2;1003581;1
EAS;1.5;2.0;0.3;45;0.5;1003589;1
EAS;1.5;2.0;0.3;45;0.5;1004080;1
EAS;1.5;2.0;0.3;45;0.5;1003827;1
EAS;1.5;2.0;0.3;45;0.5;1004862;1
EAS;1.5;2.0;0.3;45;1.0;1003526;1
EAS;1.5;2.0;0.3;45;0.5;1004045;1
EAS;1.5;2.0;0.3;45;1.0;1003958;1
EAS;1.5;2.0;0.3;45;1.0;1004883;1
EAS;1.5;2.0;0.3;45;1.0;1004324;1
EAS;1.5;2.0;0.3;45;1.0;1004167;1
EAS;1.5;2.0;0.3;80;0.2;1004343;1
EAS;1.5;2.0;0.3;80;0.2;1003698;1
EAS;1.5;2.0;0.3;80;0.2;1004203;1
EAS;1.5;2.0;0.3;80;0.2;1004145;1
EAS;1.5;2.0;0.3;80;0.5;1003769;1
EAS;1.5;2.0;0.3;80;0.2;1004338;1
EAS;1.5;2.0;0.3;80;0.5;1004752;1
EAS;1.5;2.0;0.3;80;0.5;1004948;1
EAS;1.5;2.0;0.3;80;0.5;1004298;1
EAS;1.5;2.0;0.3;80;0.5;1004464;1
EAS;1.5;2.0;0.3;80;1.0;1004387;1
EAS;1.5;2.0;0.3;80;1.0;1004707;1
EAS;1.5;2.0;0.5;20;0.2;1003654;6
EAS;1.5;2.0;0.3;80;1.0;1003825;1
EAS;1.5;2.0;0.3;80;1.0;1003830;1
EAS;1.5;2.0;0.5;20;0.2;1003592;1
EAS;1.5;2.0;0.5;20;0.2;1003412;1
EAS;1.5;2.0;0.5;20;0.2;1003950;1
EAS;1.5;2.0;0.3;80;1.0;1004087;1
EAS;1.5;2.0;0.5;20;0.2;1003322;1
EAS;1.5;2.0;0.5;20;0.5;1003669;1
EAS;1.5;2.0;0.5;20;0.5;1003601;1
EAS;1.5;2.0;0.5;20;0.5;1003565;1
EAS;1.5;2.0;0.5;20;0.5;1003995;1
EAS;1.5;2.0;0.5;20;0.5;1004439;1
EAS;1.5;2.0;0.5;20;1.0;1003662;1
EAS;1.5;2.0;0.5;20;1.0;1003898;1
EAS;1.5;2.0;0.5;20;1.0;1003714;1
EAS;1.5;2.0;0.5;20;1.0;1003498;9
EAS;1.5;2.0;0.5;20;1.0;1003653;1
EAS;1.5;2.0;0.5;45;0.2;1003636;1
EAS;1.5;2.0;0.5;45;0.2;1004252;1
EAS;1.5;2.0;0.5;45;0.2;1004572;1
EAS;1.5;2.0;0.5;45;0.2;1003564;1
EAS;1.5;2.0;0.5;45;0.2;1004622;1
EAS;1.5;2.0;0.5;45;0.5;1004580;1
EAS;1.5;2.0;0.5;45;0.5;1003794;1
EAS;1.5;2.0;0.5;45;0.5;1003637;1
EAS;1.5;2.0;0.5;45;0.5;1003906;1
EAS;1.5;2.0;0.5;45;0.5;1004938;1
EAS;1.5;2.0;0.5;45;1.0;1004055;1
EAS;1.5;2.0;0.5;45;1.0;1003573;1
EAS;1.5;2.0;0.5;45;1.0;1004257;1
EAS;1.5;2.0;0.5;45;1.0;1003404;1
EAS;1.5;2.0;0.5;45;1.0;1003680;1
EAS;1.5;2.0;0.5;80;0.2;1004453;1
EAS;1.5;2.0;0.5;80;0.2;1004388;1
EAS;1.5;2.0;0.5;80;0.2;1004637;1
EAS;1.5;2.0;0.5;80;0.2;1004302;1
EAS;1.5;2.0;0.5;80;0.2;1004196;1
EAS;1.5;2.0;0.5;80;0.5;1004197;1
EAS;1.5;2.0;0.5;80;0.5;1004217;1
EAS;1.5;2.0;0.5;80;0.5;1004158;1
EAS;1.5;2.0;0.5;80;0.5;1004434;1
EAS;1.5;2.0;0.8;20;0.2;1003685;1
EAS;1.5;2.0;0.5;80;0.5;1004377;1
EAS;1.5;2.0;0.5;80;1.0;1004302;1
EAS;1.5;2.0;0.5;80;1.0;1003920;1
EAS;1.5;2.0;0.5;80;1.0;1004451;1
EAS;1.5;2.0;0.5;80;1.0;1004687;1
EAS;1.5;2.0;0.5;80;1.0;1004428;1
EAS;1.5;2.0;0.8;20;0.2;1003166;1
EAS;1.5;2.0;0.8;20;0.2;1003282;1
EAS;1.5;2.0;0.8;20;0.2;1004115;1
EAS;1.5;2.0;0.8;20;0.2;1003735;1
EAS;1.5;2.0;0.8;20;0.5;1004083;1
EAS;1.5;2.0;0.8;20;0.5;1004228;1
EAS;1.5;2.0;0.8;20;0.5;1003928;1
EAS;1.5;2.0;0.8;20;0.5;1003971;1
EAS;1.5;2.0;0.8;20;0.5;1003558;1
EAS;1.5;2.0;0.8;20;1.0;1003662;1
EAS;1.5;2.0;0.8;20;1.0;1003667;1
EAS;1.5;2.0;0.8;20;1.0;1003550;1
EAS;1.5;2.0;0.8;20;1.0;1003764;1
EAS;1.5;2.0;0.8;20;1.0;1004037;1
EAS;1.5;2.0;0.8;45;0.2;1003851;1
EAS;1.5;2.0;0.8;45;0.2;1003981;1
EAS;1.5;2.0;0.8;45;0.2;1004315;1
EAS;1.5;2.0;0.8;45;0.2;1003877;1
EAS;1.5;2.0;0.8;45;0.2;1003905;1
EAS;1.5;2.0;0.8;45;0.5;1003978;1
EAS;1.5;2.0;0.8;45;0.5;1004463;1
EAS;1.5;2.0;0.8;45;0.5;1004052;1
EAS;1.5;2.0;0.8;45;0.5;1003815;1
EAS;1.5;2.0;0.8;45;0.5;1004717;1
EAS;1.5;2.0;0.8;45;1.0;1003979;1
EAS;1.5;2.0;0.8;45;1.0;1003805;1
EAS;1.5;2.0;0.8;45;1.0;1003897;1
EAS;1.5;2.0;0.8;45;1.0;1003922;1
EAS;1.5;2.0;0.8;45;1.0;1004543;1
EAS;1.5;2.0;0.8;80;0.2;1004291;1
EAS;1.5;2.0;0.8;80;0.2;1003493;1
EAS;1.5;2.0;0.8;80;0.2;1004027;1
EAS;1.5;2.0;0.8;80;0.2;1003820;1
EAS;1.5;2.0;0.8;80;0.2;1004214;2
EAS;1.5;2.0;0.8;80;0.5;1003969;1
EAS;1.5;2.0;0.8;80;0.5;1004379;1
EAS;1.5;2.0;0.8;80;0.5;1004452;1
EAS;1.5;2.0;0.8;80;0.5;1005059;1
EAS;1.5;2.0;0.8;80;0.5;1004306;1
EAS;1.5;2.0;0.8;80;1.0;1004047;1
EAS;1.5;3.0;0.3;20;0.2;1004643;1
EAS;1.5;3.0;0.3;20;0.2;1004060;1
EAS;1.5;2.0;0.8;80;1.0;1003686;1
EAS;1.5;3.0;0.3;20;0.2;1003942;1
EAS;1.5;2.0;0.8;80;1.0;1004085;1
EAS;1.5;2.0;0.8;80;1.0;1004411;1
EAS;1.5;2.0;0.8;80;1.0;1005103;1
EAS;1.5;3.0;0.3;20;0.2;1003887;1
EAS;1.5;3.0;0.3;20;0.2;1004044;1
EAS;1.5;3.0;0.3;20;0.5;1003723;1
EAS;1.5;3.0;0.3;20;0.5;1003660;1
EAS;1.5;3.0;0.3;20;0.5;1003623;1
EAS;1.5;3.0;0.3;20;0.5;1003687;1
EAS;1.5;3.0;0.3;20;0.5;1003630;1
EAS;1.5;3.0;0.3;20;1.0;1004153;1
EAS;1.5;3.0;0.3;20;1.0;1004158;8
EAS;1.5;3.0;0.3;20;1.0;1004600;1
EAS;1.5;3.0;0.3;20;1.0;1004373;1
EAS;1.5;3.0;0.3;20;1.0;1004973;1
EAS;1.5;3.0;0.3;45;0.2;1004562;1
EAS;1.5;3.0;0.3;45;0.2;1004098;1
EAS;1.5;3.0;0.3;45;0.2;1003776;1
EAS;1.5;3.0;0.3;45;0.2;1003762;1
EAS;1.5;3.0;0.3;45;0.2;1003867;1
EAS;1.5;3.0;0.3;45;0.5;1004105;1
EAS;1.5;3.0;0.3;45;0.5;1005395;1
EAS;1.5;3.0;0.3;45;0.5;1003615;1
EAS;1.5;3.0;0.3;45;0.5;1004302;1
EAS;1.5;3.0;0.3;45;1.0;1004179;1
EAS;1.5;3.0;0.3;45;1.0;1004249;1
EAS;1.5;3.0;0.3;45;0.5;1003835;1
EAS;1.5;3.0;0.3;45;1.0;1003851;1
EAS;1.5;3.0;0.3;45;1.0;1004383;1
EAS;1.5;3.0;0.3;45;1.0;1004424;1
EAS;1.5;3.0;0.3;80;0.2;1004537;1
EAS;1.5;3.0;0.3;80;0.2;1004341;1
EAS;1.5;3.0;0.3;80;0.2;1004767;1
EAS;1.5;3.0;0.3;80;0.2;1004442;1
EAS;1.5;3.0;0.3;80;0.2;1004707;1
EAS;1.5;3.0;0.3;80;0.5;1004917;1
EAS;1.5;3.0;0.3;80;0.5;1004798;1
EAS;1.5;3.0;0.3;80;0.5;1004068;1
EAS;1.5;3.0;0.3;80;0.5;1004409;1
EAS;1.5;3.0;0.3;80;0.5;1004087;1
EAS;1.5;3.0;0.3;80;1.0;1004275;1
EAS;1.5;3.0;0.3;80;1.0;1004237;1
EAS;1.5;3.0;0.3;80;1.0;1004007;1
EAS;1.5;3.0;0.3;80;1.0;1004341;1
EAS;1.5;3.0;0.5;20;0.2;1003827;1
EAS;1.5;3.0;0.3;80;1.0;1005338;1
EAS;1.5;3.0;0.5;20;0.2;1004954;1
EAS;1.5;3.0;0.5;20;0.2;1003872;1
EAS;1.5;3.0;0.5;20;0.2;1003742;1
EAS;1.5;3.0;0.5;20;0.2;1004152;1
EAS;1.5;3.0;0.5;20;0.5;1004688;1
EAS;1.5;3.0;0.5;20;0.5;1003451;1
EAS;1.5;3.0;0.5;20;0.5;1003691;1
EAS;1.5;3.0;0.5;20;0.5;1003769;1
EAS;1.5;3.0;0.5;20;0.5;1004243;1
EAS;1.5;3.0;0.5;20;1.0;1003420;1
EAS;1.5;3.0;0.5;20;1.0;1003587;1
EAS;1.5;3.0;0.5;20;1.0;1003508;1
EAS;1.5;3.0;0.5;20;1.0;1003940;1
EAS;1.5;3.0;0.5;20;1.0;1003858;13
EAS;1.5;3.0;0.5;45;0.2;1003926;1
EAS;1.5;3.0;0.5;45;0.2;1004252;1
EAS;1.5;3.0;0.5;45;0.2;1003992;1
EAS;1.5;3.0;0.5;45;0.2;1004198;1
EAS;1.5;3.0;0.5;45;0.2;1004085;2
EAS;1.5;3.0;0.5;45;0.5;1004288;1
EAS;1.5;3.0;0.5;45;0.5;1004413;1
EAS;1.5;3.0;0.5;45;0.5;1004246;1
EAS;1.5;3.0;0.5;45;0.5;1003782;1
EAS;1.5;3.0;0.5;45;0.5;1003491;1
EAS;1.5;3.0;0.5;45;1.0;1004639;1
EAS;1.5;3.0;0.5;45;1.0;1004588;1
EAS;1.5;3.0;0.5;45;1.0;1003903;1
EAS;1.5;3.0;0.5;45;1.0;1003931;1
EAS;1.5;3.0;0.5;45;1.0;1003994;3
EAS;1.5;3.0;0.5;80;0.2;1004322;1
EAS;1.5;3.0;0.5;80;0.2;1004064;1
EAS;1.5;3.0;0.5;80;0.2;1005286;1
EAS;1.5;3.0;0.5;80;0.2;1004616;1
EAS;1.5;3.0;0.5;80;0.5;1004543;1
EAS;1.5;3.0;0.5;80;0.2;1004730;1
EAS;1.5;3.0;0.5;80;0.5;1004685;1
EAS;1.5;3.0;0.5;80;0.5;1004596;1
EAS;1.5;3.0;0.5;80;0.5;1003986;1
EAS;1.5;3.0;0.8;20;0.2;1003816;1
EAS;1.5;3.0;0.5;80;0.5;1003983;1
EAS;1.5;3.0;0.5;80;1.0;1004364;1
EAS;1.5;3.0;0.5;80;1.0;1004034;1
EAS;1.5;3.0;0.8;20;0.2;1003753;1
EAS;1.5;3.0;0.5;80;1.0;1004277;1
EAS;1.5;3.0;0.5;80;1.0;1004715;1
EAS;1.5;3.0;0.5;80;1.0;1004544;1
EAS;1.5;3.0;0.8;20;0.2;1003915;1
EAS;1.5;3.0;0.8;20;0.2;1003503;1
EAS;1.5;3.0;0.8;20;0.2;1003809;1
EAS;1.5;3.0;0.8;20;0.5;1003525;1
EAS;1.5;3.0;0.8;20;0.5;1003743;2
EAS;1.5;3.0;0.8;20;0.5;1004043;1
EAS;1.5;3.0;0.8;20;0.5;1003616;1
EAS;1.5;3.0;0.8;20;0.5;1004515;1
EAS;1.5;3.0;0.8;20;1.0;1004098;1
EAS;1.5;3.0;0.8;20;1.0;1004094;1
EAS;1.5;3.0;0.8;20;1.0;1003824;1
EAS;1.5;3.0;0.8;20;1.0;1004073;1
EAS;1.5;3.0;0.8;20;1.0;1003597;1
EAS;1.5;3.0;0.8;45;0.2;1004244;1
EAS;1.5;3.0;0.8;45;0.2;1003428;1
EAS;1.5;3.0;0.8;45;0.2;1004284;1
EAS;1.5;3.0;0.8;45;0.2;1003970;1
EAS;1.5;3.0;0.8;45;0.2;1004585;1
EAS;1.5;3.0;0.8;45;0.5;1004235;2
EAS;1.5;3.0;0.8;45;0.5;1004222;1
EAS;1.5;3.0;0.8;45;0.5;1004091;1
EAS;1.5;3.0;0.8;45;0.5;1003522;1
EAS;1.5;3.0;0.8;45;1.0;1004600;1
EAS;1.5;3.0;0.8;45;0.5;1004404;1
EAS;1.5;3.0;0.8;45;1.0;1004400;1
EAS;1.5;3.0;0.8;45;1.0;1005160;1
EAS;1.5;3.0;0.8;45;1.0;1003910;1
EAS;1.5;3.0;0.8;45;1.0;1003782;1
EAS;1.5;3.0;0.8;80;0.2;1004698;1
EAS;1.5;3.0;0.8;80;0.2;1004202;1
EAS;1.5;3.0;0.8;80;0.2;1003724;1
EAS;1.5;3.0;0.8;80;0.2;1004020;1
EAS;1.5;3.0;0.8;80;0.2;1004115;1
EAS;1.5;3.0;0.8;80;0.5;1005932;1
EAS;1.5;3.0;0.8;80;0.5;1003973;1
EAS;1.5;3.0;0.8;80;0.5;1004086;1
EAS;1.5;3.0;0.8;80;0.5;1004366;1
EAS;1.5;3.0;0.8;80;0.5;1004740;1
EAS;1.5;3.0;0.8;80;1.0;1004196;1
EAS;1.5;3.0;0.8;80;1.0;1005209;1
EAS;1.5;5.0;0.3;20;0.2;1002756;1
EAS;1.5;3.0;0.8;80;1.0;1004495;1
EAS;1.5;5.0;0.3;20;0.2;1004652;1
EAS;1.5;3.0;0.8;80;1.0;1005018;1
EAS;1.5;3.0;0.8;80;1.0;1005244;1
EAS;1.5;5.0;0.3;20;0.2;1004300;1
EAS;1.5;5.0;0.3;20;0.2;1003923;1
EAS;1.5;5.0;0.3;20;0.2;1004754;1
EAS;1.5;5.0;0.3;20;0.5;1004800;1
EAS;1.5;5.0;0.3;20;0.5;1003173;1
EAS;1.5;5.0;0.3;20;0.5;1004219;1
EAS;1.5;5.0;0.3;20;0.5;1003491;1
EAS;1.5;5.0;0.3;20;0.5;1004510;1
EAS;1.5;5.0;0.3;20;1.0;1003516;1
EAS;1.5;5.0;0.3;20;1.0;1004230;1
EAS;1.5;5.0;0.3;20;1.0;1004408;1
EAS;1.5;5.0;0.3;20;1.0;1004545;1
EAS;1.5;5.0;0.3;20;1.0;1004755;1
EAS;1.5;5.0;0.3;45;0.2;1004415;1
EAS;1.5;5.0;0.3;45;0.2;1005055;1
EAS;1.5;5.0;0.3;45;0.2;1004520;1
EAS;1.5;5.0;0.3;45;0.2;1004689;1
EAS;1.5;5.0;0.3;45;0.2;1004670;1
EAS;1.5;5.0;0.3;45;0.5;1004789;1
EAS;1.5;5.0;0.3;45;0.5;1004502;1
EAS;1.5;5.0;0.3;45;0.5;1004426;1
EAS;1.5;5.0;0.3;45;0.5;1003833;1
EAS;1.5;5.0;0.3;45;0.5;1004212;1
EAS;1.5;5.0;0.3;45;1.0;1003943;1
EAS;1.5;5.0;0.3;45;1.0;1003863;1
EAS;1.5;5.0;0.3;45;1.0;1003927;1
EAS;1.5;5.0;0.3;45;1.0;1004376;1
EAS;1.5;5.0;0.3;45;1.0;1004815;1
EAS;1.5;5.0;0.3;80;0.2;1004587;1
EAS;1.5;5.0;0.3;80;0.2;1004430;1
EAS;1.5;5.0;0.3;80;0.2;1004905;1
EAS;1.5;5.0;0.3;80;0.2;1004473;3
EAS;1.5;5.0;0.3;80;0.2;1004346;1
EAS;1.5;5.0;0.3;80;0.5;1004547;1
EAS;1.5;5.0;0.3;80;0.5;1004453;1
EAS;1.5;5.0;0.3;80;0.5;1004493;1
EAS;1.5;5.0;0.3;80;0.5;1004723;1
EAS;1.5;5.0;0.5;20;0.2;1004431;1
EAS;1.5;5.0;0.3;80;1.0;1004766;1
EAS;1.5;5.0;0.3;80;0.5;1004363;1
EAS;1.5;5.0;0.3;80;1.0;1004449;1
EAS;1.5;5.0;0.3;80;1.0;1004447;1
EAS;1.5;5.0;0.3;80;1.0;1005313;1
EAS;1.5;5.0;0.3;80;1.0;1004458;1
EAS;1.5;5.0;0.5;20;0.2;1003820;1
EAS;1.5;5.0;0.5;20;0.2;1003955;1
EAS;1.5;5.0;0.5;20;0.2;1005111;1
EAS;1.5;5.0;0.5;20;0.2;1004380;1
EAS;1.5;5.0;0.5;20;0.5;1003794;1
EAS;1.5;5.0;0.5;20;0.5;1003570;1
EAS;1.5;5.0;0.5;20;0.5;1003901;1
EAS;1.5;5.0;0.5;20;0.5;1003996;1
EAS;1.5;5.0;0.5;20;0.5;1004722;1
EAS;1.5;5.0;0.5;20;1.0;1004112;1
EAS;1.5;5.0;0.5;20;1.0;1003830;1
EAS;1.5;5.0;0.5;20;1.0;1004549;1
EAS;1.5;5.0;0.5;20;1.0;1004268;1
EAS;1.5;5.0;0.5;20;1.0;1004117;1
EAS;1.5;5.0;0.5;45;0.2;1003971;1
EAS;1.5;5.0;0.5;45;0.2;1005014;1
EAS;1.5;5.0;0.5;45;0.2;1003821;1
EAS;1.5;5.0;0.5;45;0.2;1004865;1
EAS;1.5;5.0;0.5;45;0.2;1005076;1
EAS;1.5;5.0;0.5;45;0.5;1004085;1
EAS;1.5;5.0;0.5;45;0.5;1004997;1
EAS;1.5;5.0;0.5;45;0.5;1003968;1
EAS;1.5;5.0;0.5;45;0.5;1004313;1
EAS;1.5;5.0;0.5;45;0.5;1004225;1
EAS;1.5;5.0;0.5;45;1.0;1004338;1
EAS;1.5;5.0;0.5;45;1.0;1004906;1
EAS;1.5;5.0;0.5;45;1.0;1003948;1
EAS;1.5;5.0;0.5;45;1.0;1005156;1
EAS;1.5;5.0;0.5;45;1.0;1003938;1
EAS;1.5;5.0;0.5;80;0.2;1004590;1
EAS;1.5;5.0;0.5;80;0.2;1004714;1
EAS;1.5;5.0;0.5;80;0.2;1005395;1
EAS;1.5;5.0;0.5;80;0.2;1004395;1
EAS;1.5;5.0;0.5;80;0.2;1004247;1
EAS;1.5;5.0;0.5;80;0.5;1004082;1
EAS;1.5;5.0;0.5;80;0.5;1005086;1
EAS;1.5;5.0;0.5;80;0.5;1004677;1
EAS;1.5;5.0;0.5;80;0.5;1004734;1
EAS;1.5;5.0;0.5;80;0.5;1004457;1
EAS;1.5;5.0;0.5;80;1.0;1004766;1
EAS;1.5;5.0;0.8;20;0.2;1003804;1
EAS;1.5;5.0;0.5;80;1.0;1004004;1
EAS;1.5;5.0;0.8;20;0.2;1005406;1
EAS;1.5;5.0;0.5;80;1.0;1005037;1
EAS;1.5;5.0;0.5;80;1.0;1005346;1
EAS;1.5;5.0;0.5;80;1.0;1004811;1
EAS;1.5;5.0;0.8;20;0.2;1004180;1
EAS;1.5;5.0;0.8;20;0.2;1004396;1
EAS;1.5;5.0;0.8;20;0.2;1003989;2
EAS;1.5;5.0;0.8;20;0.5;1004005;1
EAS;1.5;5.0;0.8;20;0.5;1004185;1
EAS;1.5;5.0;0.8;20;0.5;1004022;1
EAS;1.5;5.0;0.8;20;0.5;1003837;1
EAS;1.5;5.0;0.8;20;0.5;1004533;1
EAS;1.5;5.0;0.8;20;1.0;1003708;1
EAS;1.5;5.0;0.8;20;1.0;1003957;1
EAS;1.5;5.0;0.8;20;1.0;1003657;1
EAS;1.5;5.0;0.8;20;1.0;1003589;1
EAS;1.5;5.0;0.8;20;1.0;1003862;1
EAS;1.5;5.0;0.8;45;0.2;1004353;1
EAS;1.5;5.0;0.8;45;0.2;1004117;1
EAS;1.5;5.0;0.8;45;0.2;1004561;1
EAS;1.5;5.0;0.8;45;0.2;1003893;1
EAS;1.5;5.0;0.8;45;0.2;1004447;1
EAS;1.5;5.0;0.8;45;0.5;1004294;1
EAS;1.5;5.0;0.8;45;0.5;1004601;1
EAS;1.5;5.0;0.8;45;0.5;1004111;1
EAS;1.5;5.0;0.8;45;0.5;1004506;1
EAS;1.5;5.0;0.8;45;0.5;1004601;1
EAS;1.5;5.0;0.8;45;1.0;1004271;1
EAS;1.5;5.0;0.8;45;1.0;1005411;1
EAS;1.5;5.0;0.8;45;1.0;1004621;1
EAS;1.5;5.0;0.8;45;1.0;1003946;1
EAS;1.5;5.0;0.8;45;1.0;1004805;1
EAS;1.5;5.0;0.8;80;0.2;1004501;1
EAS;1.5;5.0;0.8;80;0.2;1004867;1
EAS;1.5;5.0;0.8;80;0.2;1005909;1
EAS;1.5;5.0;0.8;80;0.2;1004876;1
EAS;1.5;5.0;0.8;80;0.2;1004836;1
EAS;1.5;5.0;0.8;80;0.5;1004956;1
EAS;1.5;5.0;0.8;80;0.5;1004525;1
EAS;1.5;5.0;0.8;80;0.5;1003927;1
EAS;1.5;5.0;0.8;80;0.5;1004901;1
EAS;1.5;5.0;0.8;80;0.5;1004604;1
EAS;1.5;5.0;0.8;80;1.0;1004680;1
EAS;2.0;2.0;0.3;20;0.2;1003578;1
EAS;1.5;5.0;0.8;80;1.0;1004971;1
EAS;1.5;5.0;0.8;80;1.0;1005222;1
EAS;2.0;2.0;0.3;20;0.2;1003912;1
EAS;1.5;5.0;0.8;80;1.0;1004238;1
EAS;1.5;5.0;0.8;80;1.0;1004678;1
EAS;2.0;2.0;0.3;20;0.2;1003444;1
EAS;2.0;2.0;0.3;20;0.2;1003029;1
EAS;2.0;2.0;0.3;20;0.2;1003639;1
EAS;2.0;2.0;0.3;20;0.5;1003961;1
EAS;2.0;2.0;0.3;20;0.5;1003985;1
EAS;2.0;2.0;0.3;20;0.5;1003427;1
EAS;2.0;2.0;0.3;20;0.5;1004126;1
EAS;2.0;2.0;0.3;20;0.5;1004058;1
EAS;2.0;2.0;0.3;20;1.0;1003531;1
EAS;2.0;2.0;0.3;20;1.0;1003461;1
EAS;2.0;2.0;0.3;20;1.0;1003948;1
EAS;2.0;2.0;0.3;20;1.0;1004123;1
EAS;2.0;2.0;0.3;20;1.0;1003220;1
EAS;2.0;2.0;0.3;45;0.2;1003910;1
EAS;2.0;2.0;0.3;45;0.2;1003816;1
EAS;2.0;2.0;0.3;45;0.2;1004736;1
EAS;2.0;2.0;0.3;45;0.2;1003838;1
EAS;2.0;2.0;0.3;45;0.2;1003726;1
EAS;2.0;2.0;0.3;45;0.5;1003532;1
EAS;2.0;2.0;0.3;45;0.5;1004443;1
EAS;2.0;2.0;0.3;45;0.5;1003492;1
EAS;2.0;2.0;0.3;45;0.5;1004554;1
EAS;2.0;2.0;0.3;45;0.5;1003943;1
EAS;2.0;2.0;0.3;45;1.0;1004504;1
EAS;2.0;2.0;0.3;45;1.0;1003996;1
EAS;2.0;2.0;0.3;45;1.0;1004043;1
EAS;2.0;2.0;0.3;45;1.0;1005133;1
EAS;2.0;2.0;0.3;45;1.0;1003959;1
EAS;2.0;2.0;0.3;80;0.2;1004255;1
EAS;2.0;2.0;0.3;80;0.2;1003878;1
EAS;2.0;2.0;0.3;80;0.2;1004959;1
EAS;2.0;2.0;0.3;80;0.2;1004124;1
EAS;2.0;2.0;0.3;80;0.2;1004456;1
EAS;2.0;2.0;0.3;80;0.5;1003950;1
EAS;2.0;2.0;0.3;80;0.5;1003890;1
EAS;2.0;2.0;0.3;80;0.5;1004109;1
EAS;2.0;2.0;0.3;80;0.5;1003637;1
EAS;2.0;2.0;0.5;20;0.2;1003809;1
EAS;2.0;2.0;0.3;80;1.0;1004471;1
EAS;2.0;2.0;0.3;80;0.5;1003578;1
EAS;2.0;2.0;0.5;20;0.2;1003922;1
EAS;2.0;2.0;0.3;80;1.0;1004176;1
EAS;2.0;2.0;0.3;80;1.0;1005063;1
EAS;2.0;2.0;0.3;80;1.0;1003943;1
EAS;2.0;2.0;0.3;80;1.0;1004099;1
EAS;2.0;2.0;0.5;20;0.2;1003393;1
EAS;2.0;2.0;0.5;20;0.2;1003400;1
EAS;2.0;2.0;0.5;20;0.2;1004420;1
EAS;2.0;2.0;0.5;20;0.5;1003659;1
EAS;2.0;2.0;0.5;20;0.5;1004263;1
EAS;2.0;2.0;0.5;20;0.5;1003854;1
EAS;2.0;2.0;0.5;20;0.5;1003283;1
EAS;2.0;2.0;0.5;20;0.5;1004413;1
EAS;2.0;2.0;0.5;20;1.0;1003291;1
EAS;2.0;2.0;0.5;20;1.0;1003452;1
EAS;2.0;2.0;0.5;20;1.0;1003128;1
EAS;2.0;2.0;0.5;20;1.0;1003720;1
EAS;2.0;2.0;0.5;20;1.0;1004868;1
EAS;2.0;2.0;0.5;45;0.2;1004238;1
EAS;2.0;2.0;0.5;45;0.2;1003633;1
EAS;2.0;2.0;0.5;45;0.2;1003978;1
EAS;2.0;2.0;0.5;45;0.2;1003967;1
EAS;2.0;2.0;0.5;45;0.2;1003722;1
EAS;2.0;2.0;0.5;45;0.5;1004057;1
EAS;2.0;2.0;0.5;45;0.5;1003628;1
EAS;2.0;2.0;0.5;45;0.5;1004118;1
EAS;2.0;2.0;0.5;45;0.5;1003912;1
EAS;2.0;2.0;0.5;45;0.5;1003816;1
EAS;2.0;2.0;0.5;45;1.0;1003745;1
EAS;2.0;2.0;0.5;45;1.0;1003933;1
EAS;2.0;2.0;0.5;45;1.0;1004140;1
EAS;2.0;2.0;0.5;45;1.0;1004380;1
EAS;2.0;2.0;0.5;45;1.0;1004761;1
EAS;2.0;2.0;0.5;80;0.2;1003771;1
EAS;2.0;2.0;0.5;80;0.2;1003898;1
EAS;2.0;2.0;0.5;80;0.2;1004007;1
EAS;2.0;2.0;0.5;80;0.2;1004285;1
EAS;2.0;2.0;0.5;80;0.2;1003588;1
EAS;2.0;2.0;0.5;80;0.5;1004702;1
EAS;2.0;2.0;0.5;80;0.5;1003639;1
EAS;2.0;2.0;0.5;80;0.5;1003950;1
EAS;2.0;2.0;0.5;80;0.5;1003867;1
EAS;2.0;2.0;0.5;80;0.5;1003681;1
EAS;2.0;2.0;0.5;80;1.0;1004239;1
EAS;2.0;2.0;0.8;20;0.2;1003639;1
EAS;2.0;2.0;0.5;80;1.0;1003837;1
EAS;2.0;2.0;0.5;80;1.0;1004658;1
EAS;2.0;2.0;0.8;20;0.2;1003388;1
EAS;2.0;2.0;0.5;80;1.0;1003743;1
EAS;2.0;2.0;0.5;80;1.0;1004504;1
EAS;2.0;2.0;0.8;20;0.2;1004682;1
EAS;2.0;2.0;0.8;20;0.2;1002965;1
EAS;2.0;2.0;0.8;20;0.2;1003521;1
EAS;2.0;2.0;0.8;20;0.5;1003404;1
EAS;2.0;2.0;0.8;20;0.5;1004509;1
EAS;2.0;2.0;0.8;20;0.5;1004162;1
EAS;2.0;2.0;0.8;20;0.5;1003729;1
EAS;2.0;2.0;0.8;20;0.5;1003400;1
EAS;2.0;2.0;0.8;20;1.0;1004131;1
EAS;2.0;2.0;0.8;20;1.0;1003799;1
EAS;2.0;2.0;0.8;20;1.0;1003648;1
EAS;2.0;2.0;0.8;20;1.0;1003691;1
EAS;2.0;2.0;0.8;20;1.0;1004239;1
EAS;2.0;2.0;0.8;45;0.2;1003866;1
EAS;2.0;2.0;0.8;45;0.2;1003608;1
EAS;2.0;2.0;0.8;45;0.2;1003923;1
EAS;2.0;2.0;0.8;45;0.2;1004151;1
EAS;2.0;2.0;0.8;45;0.2;1003690;1
EAS;2.0;2.0;0.8;45;0.5;1004173;1
EAS;2.0;2.0;0.8;45;0.5;1004091;1
EAS;2.0;2.0;0.8;45;0.5;1004084;1
EAS;2.0;2.0;0.8;45;1.0;1004504;1
EAS;2.0;2.0;0.8;45;0.5;1004842;1
EAS;2.0;2.0;0.8;45;1.0;1005266;1
EAS;2.0;2.0;0.8;45;0.5;1003775;1
EAS;2.0;2.0;0.8;45;1.0;1003819;1
EAS;2.0;2.0;0.8;45;1.0;1004279;1
EAS;2.0;2.0;0.8;45;1.0;1004379;1
EAS;2.0;2.0;0.8;80;0.2;1003819;1
EAS;2.0;2.0;0.8;80;0.2;1003998;1
EAS;2.0;2.0;0.8;80;0.2;1003916;1
EAS;2.0;2.0;0.8;80;0.2;1003632;1
EAS;2.0;2.0;0.8;80;0.5;1005004;1
EAS;2.0;2.0;0.8;80;0.2;1004749;1
EAS;2.0;2.0;0.8;80;0.5;1004361;1
EAS;2.0;2.0;0.8;80;0.5;1004565;1
EAS;2.0;3.0;0.3;20;0.2;1004615;1
EAS;2.0;2.0;0.8;80;0.5;1004443;1
EAS;2.0;2.0;0.8;80;0.5;1004668;1
EAS;2.0;2.0;0.8;80;1.0;1004169;1
EAS;2.0;2.0;0.8;80;1.0;1004029;1
EAS;2.0;2.0;0.8;80;1.0;1003828;1
EAS;2.0;2.0;0.8;80;1.0;1003749;1
EAS;2.0;2.0;0.8;80;1.0;1004021;1
EAS;2.0;3.0;0.3;20;0.2;1004265;1
EAS;2.0;3.0;0.3;20;0.2;1004296;1
EAS;2.0;3.0;0.3;20;0.2;1004026;1
EAS;2.0;3.0;0.3;20;0.2;1003364;1
EAS;2.0;3.0;0.3;20;0.5;1003494;1
EAS;2.0;3.0;0.3;20;0.5;1004153;1
EAS;2.0;3.0;0.3;20;0.5;1005187;1
EAS;2.0;3.0;0.3;20;0.5;1003944;1
EAS;2.0;3.0;0.3;20;0.5;1003722;1
EAS;2.0;3.0;0.3;20;1.0;1004413;1
EAS;2.0;3.0;0.3;20;1.0;1003810;1
EAS;2.0;3.0;0.3;20;1.0;1003586;1
EAS;2.0;3.0;0.3;20;1.0;1003727;1
EAS;2.0;3.0;0.3;20;1.0;1003587;1
EAS;2.0;3.0;0.3;45;0.2;1003882;1
EAS;2.0;3.0;0.3;45;0.2;1003667;1
EAS;2.0;3.0;0.3;45;0.2;1004322;1
EAS;2.0;3.0;0.3;45;0.2;1004700;1
EAS;2.0;3.0;0.3;45;0.2;1004633;1
EAS;2.0;3.0;0.3;45;0.5;1004301;1
EAS;2.0;3.0;0.3;45;0.5;1004209;1
EAS;2.0;3.0;0.3;45;0.5;1004133;1
EAS;2.0;3.0;0.3;45;0.5;1004060;1
EAS;2.0;3.0;0.3;45;0.5;1004609;1
EAS;2.0;3.0;0.3;45;1.0;1003733;1
EAS;2.0;3.0;0.3;45;1.0;1004023;1
EAS;2.0;3.0;0.3;45;1.0;1004253;1
EAS;2.0;3.0;0.3;45;1.0;1003788;1
EAS;2.0;3.0;0.3;45;1.0;1004385;1
EAS;2.0;3.0;0.3;80;0.2;1004730;1
EAS;2.0;3.0;0.3;80;0.2;1004199;1
EAS;2.0;3.0;0.3;80;0.2;1004247;1
EAS;2.0;3.0;0.3;80;0.2;1004103;1
EAS;2.0;3.0;0.3;80;0.2;1004716;1
EAS;2.0;3.0;0.3;80;0.5;1004069;1
EAS;2.0;3.0;0.3;80;0.5;1003872;1
EAS;2.0;3.0;0.3;80;0.5;1004058;1
EAS;2.0;3.0;0.3;80;0.5;1004402;1
EAS;2.0;3.0;0.3;80;0.5;1004024;1
EAS;2.0;3.0;0.5;20;0.2;1003953;1
EAS;2.0;3.0;0.3;80;1.0;1004468;1
EAS;2.0;3.0;0.5;20;0.2;1004229;1
EAS;2.0;3.0;0.3;80;1.0;1004606;1
EAS;2.0;3.0;0.3;80;1.0;1004319;1
EAS;2.0;3.0;0.3;80;1.0;1004538;1
EAS;2.0;3.0;0.3;80;1.0;1004242;1
EAS;2.0;3.0;0.5;20;0.2;1004627;1
EAS;2.0;3.0;0.5;20;0.2;1003805;1
EAS;2.0;3.0;0.5;20;0.2;1003993;1
EAS;2.0;3.0;0.5;20;0.5;1004127;1
EAS;2.0;3.0;0.5;20;0.5;1003206;1
EAS;2.0;3.0;0.5;20;0.5;1004863;1
EAS;2.0;3.0;0.5;20;0.5;1004721;1
EAS;2.0;3.0;0.5;20;0.5;1004155;1
EAS;2.0;3.0;0.5;20;1.0;1003410;1
EAS;2.0;3.0;0.5;20;1.0;1004570;1
EAS;2.0;3.0;0.5;20;1.0;1003779;1
EAS;2.0;3.0;0.5;20;1.0;1003894;1
EAS;2.0;3.0;0.5;20;1.0;1003913;1
EAS;2.0;3.0;0.5;45;0.2;1004325;1
EAS;2.0;3.0;0.5;45;0.2;1004040;1
EAS;2.0;3.0;0.5;45;0.2;1004196;1
EAS;2.0;3.0;0.5;45;0.2;1004299;1
EAS;2.0;3.0;0.5;45;0.2;1004378;1
EAS;2.0;3.0;0.5;45;0.5;1003938;1
EAS;2.0;3.0;0.5;45;0.5;1003706;1
EAS;2.0;3.0;0.5;45;0.5;1004066;1
EAS;2.0;3.0;0.5;45;0.5;1003670;1
EAS;2.0;3.0;0.5;45;1.0;1003962;1
EAS;2.0;3.0;0.5;45;0.5;1003729;1
EAS;2.0;3.0;0.5;45;1.0;1004416;1
EAS;2.0;3.0;0.5;45;1.0;1004017;1
EAS;2.0;3.0;0.5;45;1.0;1003979;1
EAS;2.0;3.0;0.5;45;1.0;1004332;1
EAS;2.0;3.0;0.5;80;0.2;1004622;1
EAS;2.0;3.0;0.5;80;0.2;1004063;1
EAS;2.0;3.0;0.5;80;0.2;1004947;1
EAS;2.0;3.0;0.5;80;0.2;1004135;1
EAS;2.0;3.0;0.5;80;0.5;1004294;1
EAS;2.0;3.0;0.5;80;0.2;1004992;1
EAS;2.0;3.0;0.5;80;0.5;1005130;1
EAS;2.0;3.0;0.5;80;0.5;1005266;1
EAS;2.0;3.0;0.5;80;0.5;1003873;1
EAS;2.0;3.0;0.8;20;0.2;1003427;1
EAS;2.0;3.0;0.5;80;0.5;1004730;1
EAS;2.0;3.0;0.5;80;1.0;1004832;1
EAS;2.0;3.0;0.5;80;1.0;1004963;1
EAS;2.0;3.0;0.5;80;1.0;1004314;1
EAS;2.0;3.0;0.5;80;1.0;1004062;1
EAS;2.0;3.0;0.8;20;0.2;1004109;1
EAS;2.0;3.0;0.5;80;1.0;1004485;1
EAS;2.0;3.0;0.8;20;0.2;1003543;1
EAS;2.0;3.0;0.8;20;0.2;1003863;1
EAS;2.0;3.0;0.8;20;0.2;1002866;1
EAS;2.0;3.0;0.8;20;0.5;1004180;1
EAS;2.0;3.0;0.8;20;0.5;1004433;1
EAS;2.0;3.0;0.8;20;0.5;1004629;1
EAS;2.0;3.0;0.8;20;0.5;1003237;1
EAS;2.0;3.0;0.8;20;0.5;1003845;1
EAS;2.0;3.0;0.8;20;1.0;1003851;1
EAS;2.0;3.0;0.8;20;1.0;1003951;1
EAS;2.0;3.0;0.8;20;1.0;1004727;1
EAS;2.0;3.0;0.8;20;1.0;1003947;1
EAS;2.0;3.0;0.8;20;1.0;1003482;1
EAS;2.0;3.0;0.8;45;0.2;1004571;1
EAS;2.0;3.0;0.8;45;0.2;1004124;1
EAS;2.0;3.0;0.8;45;0.2;1004708;1
EAS;2.0;3.0;0.8;45;0.2;1004399;1
EAS;2.0;3.0;0.8;45;0.2;1004125;1
EAS;2.0;3.0;0.8;45;0.5;1004774;1
EAS;2.0;3.0;0.8;45;0.5;1004419;1
EAS;2.0;3.0;0.8;45;0.5;1004762;1
EAS;2.0;3.0;0.8;45;0.5;1003808;1
EAS;2.0;3.0;0.8;45;0.5;1004186;1
EAS;2.0;3.0;0.8;45;1.0;1004774;1
EAS;2.0;3.0;0.8;45;1.0;1003536;1
EAS;2.0;3.0;0.8;45;1.0;1004007;1
EAS;2.0;3.0;0.8;45;1.0;1003803;1
EAS;2.0;3.0;0.8;45;1.0;1004285;1
EAS;2.0;3.0;0.8;80;0.2;1004170;1
EAS;2.0;3.0;0.8;80;0.2;1003801;1
EAS;2.0;3.0;0.8;80;0.2;1003678;1
EAS;2.0;3.0;0.8;80;0.2;1004821;1
EAS;2.0;3.0;0.8;80;0.5;1004031;1
EAS;2.0;3.0;0.8;80;0.2;1004247;1
EAS;2.0;3.0;0.8;80;0.5;1004042;1
EAS;2.0;3.0;0.8;80;0.5;1005020;1
EAS;2.0;3.0;0.8;80;0.5;1004133;1
EAS;2.0;5.0;0.3;20;0.2;1004506;1
EAS;2.0;3.0;0.8;80;0.5;1005120;1
EAS;2.0;3.0;0.8;80;1.0;1004327;1
EAS;2.0;3.0;0.8;80;1.0;1004179;1
EAS;2.0;3.0;0.8;80;1.0;1005027;1
EAS;2.0;3.0;0.8;80;1.0;1005201;1
EAS;2.0;3.0;0.8;80;1.0;1004176;1
EAS;2.0;5.0;0.3;20;0.2;1003897;1
EAS;2.0;5.0;0.3;20;0.2;1004717;1
EAS;2.0;5.0;0.3;20;0.2;1004802;1
EAS;2.0;5.0;0.3;20;0.2;1003423;1
EAS;2.0;5.0;0.3;20;0.5;1003878;1
EAS;2.0;5.0;0.3;20;0.5;1004657;1
EAS;2.0;5.0;0.3;20;0.5;1003952;1
EAS;2.0;5.0;0.3;20;0.5;1004504;1
EAS;2.0;5.0;0.3;20;0.5;1004931;1
EAS;2.0;5.0;0.3;20;1.0;1004113;1
EAS;2.0;5.0;0.3;20;1.0;1003750;1
EAS;2.0;5.0;0.3;20;1.0;1003596;1
EAS;2.0;5.0;0.3;20;1.0;1004664;1
EAS;2.0;5.0;0.3;20;1.0;1004459;1
EAS;2.0;5.0;0.3;45;0.2;1004107;1
EAS;2.0;5.0;0.3;45;0.2;1004491;1
EAS;2.0;5.0;0.3;45;0.2;1004608;1
EAS;2.0;5.0;0.3;45;0.2;1004284;1
EAS;2.0;5.0;0.3;45;0.2;1004702;1
EAS;2.0;5.0;0.3;45;0.5;1004051;1
EAS;2.0;5.0;0.3;45;0.5;1003872;1
EAS;2.0;5.0;0.3;45;0.5;1004358;1
EAS;2.0;5.0;0.3;45;0.5;1005018;1
EAS;2.0;5.0;0.3;45;0.5;1005238;1
EAS;2.0;5.0;0.3;45;1.0;1004112;1
EAS;2.0;5.0;0.3;45;1.0;1004027;1
EAS;2.0;5.0;0.3;45;1.0;1004801;1
EAS;2.0;5.0;0.3;45;1.0;1003750;1
EAS;2.0;5.0;0.3;45;1.0;1003831;1
EAS;2.0;5.0;0.3;80;0.2;1005166;1
EAS;2.0;5.0;0.3;80;0.2;1004324;1
EAS;2.0;5.0;0.3;80;0.2;1004820;1
EAS;2.0;5.0;0.3;80;0.2;1004265;1
EAS;2.0;5.0;0.3;80;0.2;1005244;1
EAS;2.0;5.0;0.3;80;0.5;1005346;1
EAS;2.0;5.0;0.3;80;0.5;1005116;1
EAS;2.0;5.0;0.3;80;0.5;1003897;1
EAS;2.0;5.0;0.3;80;0.5;1004750;1
EAS;2.0;5.0;0.3;80;0.5;1004524;1
EAS;2.0;5.0;0.3;80;1.0;1004344;1
EAS;2.0;5.0;0.5;20;0.2;1003464;1
EAS;2.0;5.0;0.3;80;1.0;1004379;1
EAS;2.0;5.0;0.3;80;1.0;1004532;1
EAS;2.0;5.0;0.3;80;1.0;1005282;1
EAS;2.0;5.0;0.3;80;1.0;1004595;1
EAS;2.0;5.0;0.5;20;0.2;1004258;1
EAS;2.0;5.0;0.5;20;0.2;1003882;1
EAS;2.0;5.0;0.5;20;0.2;1003642;1
EAS;2.0;5.0;0.5;20;0.2;1003467;1
EAS;2.0;5.0;0.5;20;0.5;1003817;1
EAS;2.0;5.0;0.5;20;0.5;1004439;1
EAS;2.0;5.0;0.5;20;0.5;1004320;1
EAS;2.0;5.0;0.5;20;0.5;1004373;1
EAS;2.0;5.0;0.5;20;0.5;1004317;1
EAS;2.0;5.0;0.5;20;1.0;1004757;1
EAS;2.0;5.0;0.5;20;1.0;1003597;1
EAS;2.0;5.0;0.5;20;1.0;1003692;1
EAS;2.0;5.0;0.5;20;1.0;1004840;1
EAS;2.0;5.0;0.5;20;1.0;1003597;1
EAS;2.0;5.0;0.5;45;0.2;1004638;1
EAS;2.0;5.0;0.5;45;0.2;1004548;1
EAS;2.0;5.0;0.5;45;0.2;1004686;1
EAS;2.0;5.0;0.5;45;0.5;1004278;1
EAS;2.0;5.0;0.5;45;0.2;1004382;1
EAS;2.0;5.0;0.5;45;0.2;1004283;1
EAS;2.0;5.0;0.5;45;0.5;1004126;1
EAS;2.0;5.0;0.5;45;0.5;1003899;1
EAS;2.0;5.0;0.5;45;0.5;1004224;1
EAS;2.0;5.0;0.5;45;0.5;1005023;1
EAS;2.0;5.0;0.5;45;1.0;1004224;1
EAS;2.0;5.0;0.5;45;1.0;1004284;1
EAS;2.0;5.0;0.5;45;1.0;1003812;1
EAS;2.0;5.0;0.5;45;1.0;1004118;1
EAS;2.0;5.0;0.5;45;1.0;1005533;1
EAS;2.0;5.0;0.5;80;0.2;1004997;1
EAS;2.0;5.0;0.5;80;0.2;1004228;1
EAS;2.0;5.0;0.5;80;0.2;1004552;1
EAS;2.0;5.0;0.5;80;0.2;1004531;1
EAS;2.0;5.0;0.5;80;0.2;1004629;1
EAS;2.0;5.0;0.5;80;0.5;1004721;1
EAS;2.0;5.0;0.5;80;0.5;1004623;1
EAS;2.0;5.0;0.5;80;0.5;1004549;1
EAS;2.0;5.0;0.5;80;0.5;1003980;1
EAS;2.0;5.0;0.8;20;0.2;1004009;1
EAS;2.0;5.0;0.5;80;0.5;1004294;1
EAS;2.0;5.0;0.5;80;1.0;1004186;1
EAS;2.0;5.0;0.5;80;1.0;1004453;1
EAS;2.0;5.0;0.5;80;1.0;1004511;1
EAS;2.0;5.0;0.5;80;1.0;1004676;1
EAS;2.0;5.0;0.5;80;1.0;1003869;1
EAS;2.0;5.0;0.8;20;0.2;1003766;1
EAS;2.0;5.0;0.8;20;0.2;1004894;1
EAS;2.0;5.0;0.8;20;0.2;1004364;1
EAS;2.0;5.0;0.8;20;0.2;1004729;1
EAS;2.0;5.0;0.8;20;0.5;1004054;1
EAS;2.0;5.0;0.8;20;0.5;1004228;1
EAS;2.0;5.0;0.8;20;0.5;1005471;1
EAS;2.0;5.0;0.8;20;0.5;1004443;1
EAS;2.0;5.0;0.8;20;0.5;1004047;1
EAS;2.0;5.0;0.8;20;1.0;1004735;1
EAS;2.0;5.0;0.8;20;1.0;1004347;1
EAS;2.0;5.0;0.8;20;1.0;1004203;1
EAS;2.0;5.0;0.8;20;1.0;1003445;1
EAS;2.0;5.0;0.8;20;1.0;1003691;1
EAS;2.0;5.0;0.8;45;0.2;1003779;1
EAS;2.0;5.0;0.8;45;0.2;1004823;1
EAS;2.0;5.0;0.8;45;0.2;1004986;1
EAS;2.0;5.0;0.8;45;0.2;1004085;1
EAS;2.0;5.0;0.8;45;0.2;1004791;1
EAS;2.0;5.0;0.8;45;0.5;1003874;1
EAS;2.0;5.0;0.8;45;0.5;1006112;1
EAS;2.0;5.0;0.8;45;0.5;1004328;1
EAS;2.0;5.0;0.8;45;0.5;1004493;1
EAS;2.0;5.0;0.8;45;1.0;1004646;1
EAS;2.0;5.0;0.8;45;0.5;1005292;1
EAS;2.0;5.0;0.8;45;1.0;1004299;1
EAS;2.0;5.0;0.8;45;1.0;1004741;1
EAS;2.0;5.0;0.8;45;1.0;1005122;1
EAS;2.0;5.0;0.8;45;1.0;1004648;1
EAS;2.0;5.0;0.8;80;0.2;1004057;1
EAS;2.0;5.0;0.8;80;0.2;1004903;1
EAS;2.0;5.0;0.8;80;0.2;1004760;1
EAS;2.0;5.0;0.8;80;0.2;1004680;1
EAS;2.0;5.0;0.8;80;0.2;1004237;1
EAS;2.0;5.0;0.8;80;0.5;1004020;1
EAS;2.0;5.0;0.8;80;0.5;1004550;1
EAS;2.0;5.0;0.8;80;0.5;1004434;1
EAS;2.0;5.0;0.8;80;0.5;1004668;1
EAS;2.0;5.0;0.8;80;0.5;1004647;1
EAS;2.0;5.0;0.8;80;1.0;1004250;1
EAS;2.0;5.0;0.8;80;1.0;1003809;1
EAS;2.0;5.0;0.8;80;1.0;1004356;1
EAS;2.0;5.0;0.8;80;1.0;1005070;1
EAS;2.0;5.0;0.8;80;1.0;1004487;1
